Timestamp;Fix;Latitude;Longitude;Altitude;GeoidSeparation;Satellites;HDOP;Heading
1753880915.36;2.0;49.20423479;18.75491183;388.0819;42.1353;19.0;0.6;93.622
1753880915.37;2.0;49.20423479;18.75491183;388.0817;42.1353;19.0;0.6;93.607
1753880915.38;2.0;49.2042348;18.75491184;388.0814;42.1353;19.0;0.6;93.613
1753880915.39;2.0;49.2042348;18.75491184;388.0808;42.1353;19.0;0.6;93.647
1753880915.4;2.0;49.2042348;18.75491185;388.0811;42.1353;19.0;0.6;93.65
1753880915.41;2.0;49.2042348;18.75491185;388.0814;42.1353;19.0;0.6;93.675
1753880915.42;2.0;49.20423481;18.75491185;388.0823;42.1353;19.0;0.6;93.699
1753880915.43;2.0;49.20423481;18.75491186;388.0829;42.1353;19.0;0.6;93.693
1753880915.44;2.0;49.20423481;18.75491186;388.0834;42.1353;19.0;0.6;93.67
1753880915.45;2.0;49.20423481;18.75491186;388.0836;42.1353;19.0;0.6;93.652
1753880915.46;2.0;49.20423481;18.75491186;388.0845;42.1353;19.0;0.6;93.68
1753880915.47;2.0;49.20423481;18.75491187;388.0845;42.1353;19.0;0.6;93.673
1753880915.48;2.0;49.20423481;18.75491188;388.0847;42.1353;19.0;0.6;93.627
1753880915.49;2.0;49.20423482;18.75491188;388.085;42.1353;19.0;0.6;93.62
1753880915.5;2.0;49.20423482;18.75491188;388.0859;42.1353;19.0;0.6;93.608
1753880915.51;2.0;49.20423482;18.75491188;388.086;42.1353;19.0;0.6;93.657
1753880915.52;2.0;49.20423483;18.75491188;388.086;42.1353;19.0;0.6;93.685
1753880915.53;2.0;49.20423483;18.75491188;388.0863;42.1353;19.0;0.6;93.735
1753880915.54;2.0;49.20423483;18.75491188;388.0867;42.1353;19.0;0.6;93.749
1753880915.55;2.0;49.20423484;18.75491188;388.0864;42.1353;19.0;0.6;93.763
1753880915.56;2.0;49.20423484;18.75491188;388.0861;42.1353;19.0;0.6;93.793
1753880915.57;2.0;49.20423484;18.75491189;388.0868;42.1353;19.0;0.6;93.76
1753880915.58;2.0;49.20423484;18.75491188;388.0877;42.1353;19.0;0.6;93.74
1753880915.59;2.0;49.20423484;18.75491189;388.0886;42.1353;19.0;0.6;93.787
1753880915.6;2.0;49.20423484;18.75491189;388.0892;42.1353;19.0;0.6;93.749
1753880915.61;2.0;49.20423484;18.75491189;388.0893;42.1353;19.0;0.6;93.758
1753880915.62;2.0;49.20423485;18.75491189;388.0889;42.1353;19.0;0.6;93.761
1753880915.63;2.0;49.20423485;18.75491189;388.0895;42.1353;19.0;0.6;93.743
1753880915.64;2.0;49.20423485;18.75491189;388.0902;42.1353;19.0;0.6;93.751
1753880915.65;2.0;49.20423485;18.7549119;388.0908;42.1353;19.0;0.6;93.753
1753880915.66;2.0;49.20423486;18.75491189;388.091;42.1353;19.0;0.6;93.713
1753880915.67;2.0;49.20423486;18.75491189;388.0912;42.1353;19.0;0.6;93.683
1753880915.68;2.0;49.20423486;18.75491189;388.091;42.1353;19.0;0.6;93.691
1753880915.69;2.0;49.20423486;18.75491189;388.0906;42.1353;19.0;0.6;93.687
1753880915.7;2.0;49.20423486;18.7549119;388.0915;42.1353;19.0;0.6;93.669
1753880915.71;2.0;49.20423486;18.75491189;388.0928;42.1353;19.0;0.6;93.611
1753880915.72;2.0;49.20423486;18.75491189;388.0941;42.1353;19.0;0.6;93.584
1753880915.73;2.0;49.20423486;18.75491189;388.0941;42.1353;19.0;0.6;93.581
1753880915.74;2.0;49.20423486;18.7549119;388.0937;42.1353;19.0;0.6;93.622
1753880915.75;2.0;49.20423486;18.75491191;388.0946;42.1353;19.0;0.6;93.591
1753880915.76;2.0;49.20423486;18.75491191;388.0944;42.1353;19.0;0.6;93.595
1753880915.77;2.0;49.20423486;18.75491191;388.0945;42.1353;19.0;0.6;93.601
1753880915.78;2.0;49.20423486;18.75491192;388.095;42.1353;19.0;0.6;93.644
1753880915.79;2.0;49.20423486;18.75491192;388.0952;42.1353;19.0;0.6;93.697
1753880915.8;2.0;49.20423486;18.75491192;388.0955;42.1353;19.0;0.6;93.738
1753880915.81;2.0;49.20423487;18.75491191;388.0962;42.1353;19.0;0.6;93.766
1753880915.82;2.0;49.20423487;18.75491191;388.0973;42.1353;19.0;0.6;93.759
1753880915.83;2.0;49.20423487;18.75491192;388.0977;42.1353;19.0;0.6;93.784
1753880915.84;2.0;49.20423487;18.75491192;388.0981;42.1353;19.0;0.6;93.785
1753880915.85;2.0;49.20423487;18.75491192;388.0985;42.1353;19.0;0.6;93.77
1753880915.86;2.0;49.20423487;18.75491192;388.0988;42.1353;19.0;0.6;93.755
1753880915.87;2.0;49.20423488;18.75491192;388.0989;42.1353;19.0;0.6;93.748
1753880915.88;2.0;49.20423488;18.75491192;388.0993;42.1353;19.0;0.6;93.716
1753880915.89;2.0;49.20423488;18.75491192;388.0994;42.1353;19.0;0.6;93.678
1753880915.9;2.0;49.20423488;18.75491192;388.0988;42.1353;19.0;0.6;93.633
1753880915.91;2.0;49.20423489;18.75491192;388.0986;42.1353;19.0;0.6;93.64
1753880915.92;2.0;49.20423489;18.75491193;388.0988;42.1353;19.0;0.6;93.666
1753880915.93;2.0;49.20423489;18.75491193;388.0996;42.1353;19.0;0.6;93.656
1753880915.94;2.0;49.20423489;18.75491193;388.0998;42.1353;19.0;0.6;93.687
1753880915.95;2.0;49.20423489;18.75491193;388.0997;42.1353;19.0;0.6;93.698
1753880915.96;2.0;49.20423489;18.75491193;388.1001;42.1353;19.0;0.6;93.719
1753880915.97;2.0;49.20423489;18.75491193;388.101;42.1353;19.0;0.6;93.739
1753880915.98;2.0;49.2042349;18.75491192;388.1016;42.1353;19.0;0.6;93.749
1753880915.99;2.0;49.2042349;18.75491193;388.1024;42.1353;19.0;0.6;93.761
1753880916.0;2.0;49.2042349;18.75491193;388.1024;42.1353;19.0;0.6;93.768
1753880916.01;2.0;49.20423491;18.75491193;388.1029;42.1353;19.0;0.6;93.712
1753880916.02;2.0;49.20423491;18.75491193;388.1031;42.1353;19.0;0.6;93.733
1753880916.03;2.0;49.20423491;18.75491193;388.1032;42.1353;19.0;0.6;93.736
1753880916.04;2.0;49.20423492;18.75491193;388.1036;42.1353;19.0;0.6;93.766
1753880916.05;2.0;49.20423492;18.75491193;388.1035;42.1353;19.0;0.6;93.793
1753880916.06;2.0;49.20423492;18.75491193;388.1028;42.1353;19.0;0.6;93.831
1753880916.07;2.0;49.20423492;18.75491194;388.103;42.1353;19.0;0.6;93.844
1753880916.08;2.0;49.20423492;18.75491193;388.1025;42.1353;19.0;0.6;93.871
1753880916.09;2.0;49.20423493;18.75491193;388.1021;42.1353;19.0;0.6;93.838
1753880916.1;2.0;49.20423493;18.75491193;388.1017;42.1353;19.0;0.6;93.82
1753880916.11;2.0;49.20423493;18.75491193;388.1021;42.1353;19.0;0.6;93.812
1753880916.12;2.0;49.20423493;18.75491193;388.1019;42.1353;19.0;0.6;93.787
1753880916.13;2.0;49.20423493;18.75491193;388.102;42.1353;19.0;0.6;93.808
1753880916.14;2.0;49.20423493;18.75491193;388.1029;42.1353;19.0;0.6;93.81
1753880916.15;2.0;49.20423493;18.75491193;388.1042;42.1353;19.0;0.6;93.75
1753880916.16;2.0;49.20423493;18.75491193;388.105;42.1353;19.0;0.6;93.749
1753880916.17;2.0;49.20423493;18.75491192;388.1058;42.1353;19.0;0.6;93.783
1753880916.18;2.0;49.20423493;18.75491192;388.1062;42.1353;19.0;0.6;93.752
1753880916.19;2.0;49.20423493;18.75491191;388.1065;42.1353;19.0;0.6;93.685
1753880916.2;2.0;49.20423492;18.75491191;388.1075;42.1353;19.0;0.6;93.651
1753880916.21;2.0;49.20423492;18.7549119;388.1079;42.1353;19.0;0.6;93.608
1753880916.22;2.0;49.20423493;18.75491189;388.1077;42.1353;19.0;0.6;93.6
1753880916.23;2.0;49.20423493;18.75491189;388.1079;42.1353;19.0;0.6;93.614
1753880916.24;2.0;49.20423493;18.75491189;388.1079;42.1353;19.0;0.6;93.599
1753880916.25;2.0;49.20423494;18.75491188;388.1084;42.1353;19.0;0.6;93.612
1753880916.26;2.0;49.20423494;18.75491188;388.1081;42.1353;19.0;0.6;93.636
1753880916.27;2.0;49.20423494;18.75491188;388.1079;42.1353;19.0;0.6;93.62
1753880916.28;2.0;49.20423494;18.75491188;388.108;42.1353;19.0;0.6;93.632
1753880916.29;2.0;49.20423494;18.75491187;388.1085;42.1353;19.0;0.6;93.621
1753880916.3;2.0;49.20423495;18.75491187;388.1085;42.1353;19.0;0.6;93.695
1753880916.31;2.0;49.20423495;18.75491186;388.108;42.1353;19.0;0.6;93.692
1753880916.32;2.0;49.20423495;18.75491186;388.1079;42.1353;19.0;0.6;93.689
1753880916.33;2.0;49.20423495;18.75491186;388.1083;42.1353;19.0;0.6;93.666
1753880916.34;2.0;49.20423495;18.75491185;388.1081;42.1353;19.0;0.6;93.687
1753880916.35;2.0;49.20423495;18.75491185;388.1079;42.1353;19.0;0.6;93.685
1753880916.36;2.0;49.20423495;18.75491185;388.1082;42.1353;19.0;0.6;93.645
1753880916.37;2.0;49.20423495;18.75491185;388.108;42.1353;19.0;0.6;93.628
1753880916.38;2.0;49.20423495;18.75491185;388.1087;42.1353;19.0;0.6;93.688
1753880916.39;2.0;49.20423495;18.75491185;388.1095;42.1353;19.0;0.6;93.719
1753880916.4;2.0;49.20423495;18.75491185;388.1095;42.1353;19.0;0.6;93.741
1753880916.41;2.0;49.20423495;18.75491185;388.1097;42.1353;19.0;0.6;93.757
1753880916.42;2.0;49.20423495;18.75491184;388.1101;42.1353;19.0;0.6;93.751
1753880916.43;2.0;49.20423495;18.75491184;388.1102;42.1353;19.0;0.6;93.78
1753880916.44;2.0;49.20423496;18.75491184;388.1095;42.1353;19.0;0.6;93.765
1753880916.45;2.0;49.20423496;18.75491184;388.1096;42.1353;19.0;0.6;93.791
1753880916.46;2.0;49.20423495;18.75491184;388.1103;42.1353;19.0;0.6;93.755
1753880916.47;2.0;49.20423495;18.75491184;388.1104;42.1353;19.0;0.6;93.666
1753880916.48;2.0;49.20423496;18.75491184;388.1106;42.1353;19.0;0.6;93.64
1753880916.49;2.0;49.20423496;18.75491183;388.1109;42.1353;19.0;0.6;93.583
1753880916.5;2.0;49.20423496;18.75491183;388.1116;42.1353;19.0;0.6;93.586
1753880916.51;2.0;49.20423496;18.75491183;388.1119;42.1353;19.0;0.6;93.612
1753880916.52;2.0;49.20423497;18.75491182;388.1118;42.1353;19.0;0.6;93.626
1753880916.53;2.0;49.20423497;18.75491181;388.1116;42.1353;19.0;0.6;93.68
1753880916.54;2.0;49.20423497;18.75491181;388.1121;42.1353;19.0;0.6;93.688
1753880916.55;2.0;49.20423497;18.75491181;388.1128;42.1353;19.0;0.6;93.676
1753880916.56;2.0;49.20423498;18.7549118;388.1128;42.1353;19.0;0.6;93.693
1753880916.57;2.0;49.20423498;18.7549118;388.1126;42.1353;19.0;0.6;93.748
1753880916.58;2.0;49.20423498;18.7549118;388.1128;42.1353;19.0;0.6;93.769
1753880916.59;2.0;49.20423498;18.7549118;388.1127;42.1353;19.0;0.6;93.831
1753880916.6;2.0;49.20423497;18.7549118;388.1132;42.1353;19.0;0.6;93.843
1753880916.61;2.0;49.20423497;18.75491179;388.1145;42.1353;19.0;0.6;93.878
1753880916.62;2.0;49.20423497;18.75491179;388.1155;42.1353;19.0;0.6;93.859
1753880916.63;2.0;49.20423498;18.75491179;388.1166;42.1353;19.0;0.6;93.802
1753880916.64;2.0;49.20423497;18.75491179;388.1168;42.1353;19.0;0.6;93.748
1753880916.65;2.0;49.20423497;18.75491178;388.1173;42.1353;19.0;0.6;93.721
1753880916.66;2.0;49.20423497;18.75491178;388.1181;42.1353;19.0;0.6;93.724
1753880916.67;2.0;49.20423497;18.75491178;388.1185;42.1353;19.0;0.6;93.765
1753880916.68;2.0;49.20423497;18.75491178;388.1189;42.1353;19.0;0.6;93.742
1753880916.69;2.0;49.20423497;18.75491178;388.1195;42.1353;19.0;0.6;93.822
1753880916.7;2.0;49.20423497;18.75491178;388.1201;42.1353;19.0;0.6;93.836
1753880916.71;2.0;49.20423497;18.75491177;388.12;42.1353;19.0;0.6;93.843
1753880916.72;2.0;49.20423497;18.75491177;388.1202;42.1353;19.0;0.6;93.812
1753880916.73;2.0;49.20423497;18.75491177;388.1203;42.1353;19.0;0.6;93.757
1753880916.74;2.0;49.20423497;18.75491177;388.1206;42.1353;19.0;0.6;93.686
1753880916.75;2.0;49.20423497;18.75491177;388.1202;42.1353;19.0;0.6;93.701
1753880916.76;2.0;49.20423497;18.75491177;388.1199;42.1353;19.0;0.6;93.726
1753880916.77;2.0;49.20423497;18.75491176;388.1205;42.1353;19.0;0.6;93.719
1753880916.78;2.0;49.20423497;18.75491176;388.1206;42.1353;19.0;0.6;93.691
1753880916.79;2.0;49.20423497;18.75491177;388.1212;42.1353;19.0;0.6;93.696
1753880916.8;2.0;49.20423497;18.75491176;388.1212;42.1353;19.0;0.6;93.686
1753880916.81;2.0;49.20423497;18.75491176;388.121;42.1353;19.0;0.6;93.696
1753880916.82;2.0;49.20423497;18.75491176;388.1203;42.1353;19.0;0.6;93.746
1753880916.83;2.0;49.20423497;18.75491175;388.1202;42.1353;19.0;0.6;93.752
1753880916.84;2.0;49.20423497;18.75491176;388.1204;42.1353;19.0;0.6;93.797
1753880916.85;2.0;49.20423497;18.75491176;388.1211;42.1353;19.0;0.6;93.804
1753880916.86;2.0;49.20423498;18.75491176;388.1212;42.1353;19.0;0.6;93.825
1753880916.87;2.0;49.20423497;18.75491176;388.1208;42.1353;19.0;0.6;93.797
1753880916.88;2.0;49.20423497;18.75491176;388.1211;42.1353;19.0;0.6;93.774
1753880916.89;2.0;49.20423497;18.75491176;388.1214;42.1353;19.0;0.6;93.726
1753880916.9;2.0;49.20423497;18.75491175;388.1214;42.1353;19.0;0.6;93.687
1753880916.91;2.0;49.20423497;18.75491175;388.1223;42.1353;19.0;0.6;93.73
1753880916.92;2.0;49.20423497;18.75491174;388.1227;42.1353;19.0;0.6;93.741
1753880916.93;2.0;49.20423497;18.75491175;388.1236;42.1353;19.0;0.6;93.752
1753880916.94;2.0;49.20423497;18.75491175;388.1241;42.1353;19.0;0.6;93.692
1753880916.95;2.0;49.20423497;18.75491174;388.1248;42.1353;19.0;0.6;93.706
1753880916.96;2.0;49.20423497;18.75491174;388.1246;42.1353;19.0;0.6;93.687
1753880916.97;2.0;49.20423497;18.75491174;388.1249;42.1353;19.0;0.6;93.662
1753880916.98;2.0;49.20423497;18.75491173;388.1258;42.1353;19.0;0.6;93.665
1753880916.99;2.0;49.20423497;18.75491173;388.127;42.1353;19.0;0.6;93.653
1753880917.0;2.0;49.20423497;18.75491173;388.1275;42.1353;19.0;0.6;93.636
1753880917.01;2.0;49.20423497;18.75491172;388.1275;42.1353;19.0;0.6;93.637
1753880917.02;2.0;49.20423497;18.75491172;388.1279;42.1353;19.0;0.6;93.657
1753880917.03;2.0;49.20423497;18.75491172;388.1279;42.1353;19.0;0.6;93.719
1753880917.04;2.0;49.20423497;18.75491172;388.1282;42.1353;19.0;0.6;93.764
1753880917.05;2.0;49.20423497;18.75491172;388.1277;42.1353;19.0;0.6;93.79
1753880917.06;2.0;49.20423497;18.75491172;388.1285;42.1353;19.0;0.6;93.833
1753880917.07;2.0;49.20423498;18.75491172;388.1289;42.1353;19.0;0.6;93.81
1753880917.08;2.0;49.20423498;18.75491172;388.129;42.1353;19.0;0.6;93.802
1753880917.09;2.0;49.20423498;18.75491171;388.1284;42.1353;19.0;0.6;93.805
1753880917.1;2.0;49.20423498;18.75491171;388.1284;42.1353;19.0;0.6;93.824
1753880917.11;2.0;49.20423498;18.75491171;388.1289;42.1353;19.0;0.6;93.868
1753880917.12;2.0;49.20423498;18.75491171;388.1294;42.1353;19.0;0.6;93.862
1753880917.13;2.0;49.20423498;18.7549117;388.1306;42.1353;19.0;0.6;93.841
1753880917.14;2.0;49.20423498;18.7549117;388.1316;42.1353;19.0;0.6;93.869
1753880917.15;2.0;49.20423498;18.7549117;388.1324;42.1353;19.0;0.6;93.866
1753880917.16;2.0;49.20423497;18.7549117;388.133;42.1353;19.0;0.6;93.873
1753880917.17;2.0;49.20423497;18.75491169;388.1336;42.1353;19.0;0.6;93.829
1753880917.18;2.0;49.20423497;18.75491169;388.134;42.1353;19.0;0.6;93.795
1753880917.19;2.0;49.20423497;18.75491168;388.1343;42.1353;19.0;0.6;93.832
1753880917.2;2.0;49.20423497;18.75491168;388.1343;42.1353;19.0;0.6;93.908
1753880917.21;2.0;49.20423497;18.75491168;388.1357;42.1353;19.0;0.6;93.902
1753880917.22;2.0;49.20423497;18.75491167;388.1372;42.1353;19.0;0.6;93.914
1753880917.23;2.0;49.20423497;18.75491167;388.1381;42.1353;19.0;0.6;93.935
1753880917.24;2.0;49.20423497;18.75491167;388.1394;42.1353;19.0;0.6;93.946
1753880917.25;2.0;49.20423497;18.75491166;388.1401;42.1353;19.0;0.6;93.936
1753880917.26;2.0;49.20423497;18.75491166;388.1403;42.1353;19.0;0.6;93.941
1753880917.27;2.0;49.20423496;18.75491165;388.1402;42.1353;19.0;0.6;93.914
1753880917.28;2.0;49.20423496;18.75491164;388.1403;42.1353;19.0;0.6;93.869
1753880917.29;2.0;49.20423497;18.75491164;388.1408;42.1353;19.0;0.6;93.877
1753880917.3;2.0;49.20423497;18.75491163;388.1414;42.1353;19.0;0.6;93.879
1753880917.31;2.0;49.20423497;18.75491163;388.142;42.1353;19.0;0.6;93.908
1753880917.32;2.0;49.20423497;18.75491163;388.143;42.1353;19.0;0.6;93.915
1753880917.33;2.0;49.20423497;18.75491162;388.1428;42.1353;19.0;0.6;93.948
1753880917.34;2.0;49.20423497;18.75491162;388.1425;42.1353;19.0;0.6;93.93
1753880917.35;2.0;49.20423497;18.75491161;388.143;42.1353;19.0;0.6;93.929
1753880917.36;2.0;49.20423497;18.7549116;388.1432;42.1353;19.0;0.6;93.886
1753880917.37;2.0;49.20423497;18.7549116;388.1443;42.1353;19.0;0.6;93.81
1753880917.38;2.0;49.20423497;18.7549116;388.1459;42.1353;19.0;0.6;93.79
1753880917.39;2.0;49.20423496;18.75491159;388.1476;42.1353;19.0;0.6;93.782
1753880917.4;2.0;49.20423496;18.75491159;388.1476;42.1353;19.0;0.6;93.765
1753880917.41;2.0;49.20423496;18.75491159;388.1479;42.1353;19.0;0.6;93.696
1753880917.42;2.0;49.20423497;18.75491159;388.1483;42.1353;19.0;0.6;93.698
1753880917.43;2.0;49.20423497;18.75491158;388.1484;42.1353;19.0;0.6;93.765
1753880917.44;2.0;49.20423497;18.75491158;388.1483;42.1353;19.0;0.6;93.755
1753880917.45;2.0;49.20423497;18.75491158;388.1496;42.1353;19.0;0.6;93.718
1753880917.46;2.0;49.20423496;18.75491158;388.1508;42.1353;19.0;0.6;93.7
1753880917.47;2.0;49.20423496;18.75491158;388.152;42.1353;19.0;0.6;93.685
1753880917.48;2.0;49.20423496;18.75491157;388.1523;42.1353;19.0;0.6;93.686
1753880917.49;2.0;49.20423496;18.75491157;388.1519;42.1353;19.0;0.6;93.645
1753880917.5;2.0;49.20423496;18.75491157;388.1524;42.1353;19.0;0.6;93.652
1753880917.51;2.0;49.20423497;18.75491156;388.1522;42.1353;19.0;0.6;93.674
1753880917.52;2.0;49.20423497;18.75491156;388.1526;42.1353;19.0;0.6;93.745
1753880917.53;2.0;49.20423497;18.75491155;388.1535;42.1353;19.0;0.6;93.719
1753880917.54;2.0;49.20423496;18.75491155;388.1539;42.1353;19.0;0.6;93.704
1753880917.55;2.0;49.20423496;18.75491154;388.1539;42.1353;19.0;0.6;93.641
1753880917.56;2.0;49.20423496;18.75491154;388.1539;42.1353;19.0;0.6;93.578
1753880917.57;2.0;49.20423496;18.75491154;388.1546;42.1353;19.0;0.6;93.567
1753880917.58;2.0;49.20423496;18.75491153;388.1561;42.1353;19.0;0.6;93.59
1753880917.59;2.0;49.20423496;18.75491153;388.1575;42.1353;19.0;0.6;93.612
1753880917.6;2.0;49.20423496;18.75491153;388.1573;42.1353;19.0;0.6;93.651
1753880917.61;2.0;49.20423496;18.75491153;388.1572;42.1353;19.0;0.6;93.63
1753880917.62;2.0;49.20423496;18.75491153;388.1574;42.1353;19.0;0.6;93.647
1753880917.63;2.0;49.20423496;18.75491153;388.1585;42.1353;19.0;0.6;93.62
1753880917.64;2.0;49.20423496;18.75491153;388.1594;42.1353;19.0;0.6;93.612
1753880917.65;2.0;49.20423495;18.75491153;388.1604;42.1353;19.0;0.6;93.673
1753880917.66;2.0;49.20423496;18.75491153;388.1605;42.1353;19.0;0.6;93.698
1753880917.67;2.0;49.20423496;18.75491153;388.1603;42.1353;19.0;0.6;93.722
1753880917.68;2.0;49.20423496;18.75491153;388.1609;42.1353;19.0;0.6;93.704
1753880917.69;2.0;49.20423496;18.75491153;388.1619;42.1353;19.0;0.6;93.746
1753880917.7;2.0;49.20423496;18.75491153;388.1627;42.1353;19.0;0.6;93.782
1753880917.71;2.0;49.20423496;18.75491153;388.1632;42.1353;19.0;0.6;93.837
1753880917.72;2.0;49.20423495;18.75491152;388.1641;42.1353;19.0;0.6;93.831
1753880917.73;2.0;49.20423495;18.75491152;388.1648;42.1353;19.0;0.6;93.804
1753880917.74;2.0;49.20423495;18.75491152;388.1653;42.1353;19.0;0.6;93.799
1753880917.75;2.0;49.20423495;18.75491151;388.1655;42.1353;19.0;0.6;93.78
1753880917.76;2.0;49.20423495;18.75491151;388.1657;42.1353;18.0;0.7;93.742
1753880917.77;2.0;49.20423495;18.75491152;388.1653;42.1353;18.0;0.7;93.702
1753880917.78;2.0;49.20423495;18.75491151;388.1652;42.1353;18.0;0.7;93.744
1753880917.79;2.0;49.20423495;18.75491151;388.1658;42.1353;18.0;0.7;93.752
1753880917.8;2.0;49.20423494;18.75491151;388.1664;42.1353;18.0;0.7;93.755
1753880917.81;2.0;49.20423494;18.75491151;388.1668;42.1353;18.0;0.7;93.703
1753880917.82;2.0;49.20423494;18.7549115;388.1678;42.1353;18.0;0.7;93.722
1753880917.83;2.0;49.20423494;18.7549115;388.168;42.1353;18.0;0.7;93.713
1753880917.84;2.0;49.20423494;18.7549115;388.1691;42.1353;18.0;0.7;93.727
1753880917.85;2.0;49.20423494;18.7549115;388.17;42.1353;18.0;0.7;93.712
1753880917.86;2.0;49.20423494;18.7549115;388.1701;42.1353;18.0;0.7;93.685
1753880917.87;2.0;49.20423494;18.7549115;388.171;42.1353;18.0;0.7;93.708
1753880917.88;2.0;49.20423493;18.7549115;388.1711;42.1353;18.0;0.7;93.671
1753880917.89;2.0;49.20423493;18.7549115;388.1715;42.1353;18.0;0.7;93.656
1753880917.9;2.0;49.20423493;18.7549115;388.1707;42.1353;18.0;0.7;93.648
1753880917.91;2.0;49.20423494;18.7549115;388.1705;42.1353;18.0;0.7;93.598
1753880917.92;2.0;49.20423494;18.7549115;388.1704;42.1353;18.0;0.7;93.591
1753880917.93;2.0;49.20423493;18.7549115;388.171;42.1353;18.0;0.7;93.612
1753880917.94;2.0;49.20423493;18.7549115;388.1718;42.1353;18.0;0.7;93.594
1753880917.95;2.0;49.20423492;18.7549115;388.1725;42.1353;18.0;0.7;93.554
1753880917.96;2.0;49.20423492;18.7549115;388.1729;42.1353;18.0;0.7;93.516
1753880917.97;2.0;49.20423492;18.7549115;388.1728;42.1353;18.0;0.7;93.545
1753880917.98;2.0;49.20423492;18.7549115;388.1732;42.1353;18.0;0.7;93.567
1753880917.99;2.0;49.20423492;18.75491149;388.1735;42.1353;17.0;0.7;93.575
1753880918.0;2.0;49.20423492;18.75491149;388.175;42.1353;17.0;0.7;93.559
1753880918.01;2.0;49.20423492;18.75491149;388.1761;42.1353;17.0;0.7;93.557
1753880918.02;2.0;49.20423491;18.75491148;388.177;42.1353;17.0;0.7;93.594
1753880918.03;2.0;49.20423491;18.75491148;388.1781;42.1353;17.0;0.7;93.57
1753880918.04;2.0;49.20423491;18.75491149;388.179;42.1353;17.0;0.7;93.575
1753880918.05;2.0;49.20423491;18.75491149;388.1797;42.1353;17.0;0.7;93.606
1753880918.06;2.0;49.20423491;18.75491149;388.1805;42.1353;17.0;0.7;93.6
1753880918.07;2.0;49.20423491;18.75491149;388.1806;42.1353;17.0;0.7;93.587
1753880918.08;2.0;49.20423491;18.75491148;388.1805;42.1353;19.0;0.6;93.583
1753880918.09;2.0;49.20423491;18.75491148;388.1809;42.1353;19.0;0.6;93.533
1753880918.1;2.0;49.20423491;18.75491147;388.182;42.1353;19.0;0.6;93.581
1753880918.11;2.0;49.20423491;18.75491147;388.1827;42.1353;19.0;0.6;93.591
1753880918.12;2.0;49.20423492;18.75491146;388.1831;42.1353;19.0;0.6;93.649
1753880918.13;2.0;49.20423492;18.75491146;388.1841;42.1353;19.0;0.6;93.684
1753880918.14;2.0;49.20423492;18.75491146;388.1845;42.1353;19.0;0.6;93.704
1753880918.15;2.0;49.20423492;18.75491146;388.1843;42.1353;19.0;0.6;93.697
1753880918.16;2.0;49.20423492;18.75491146;388.1849;42.1353;19.0;0.6;93.73
1753880918.17;2.0;49.20423492;18.75491146;388.1851;42.1353;19.0;0.6;93.764
1753880918.18;2.0;49.20423492;18.75491146;388.1845;42.1353;19.0;0.6;93.795
1753880918.19;2.0;49.20423492;18.75491147;388.1844;42.1353;19.0;0.6;93.812
1753880918.2;2.0;49.20423492;18.75491147;388.1851;42.1353;19.0;0.6;93.802
1753880918.21;2.0;49.20423492;18.75491147;388.1855;42.1353;19.0;0.6;93.722
1753880918.22;2.0;49.20423493;18.75491148;388.1853;42.1353;19.0;0.6;93.673
1753880918.23;2.0;49.20423493;18.75491148;388.1857;42.1353;19.0;0.6;93.669
1753880918.24;2.0;49.20423493;18.75491148;388.1864;42.1353;19.0;0.6;93.645
1753880918.25;2.0;49.20423493;18.75491148;388.1869;42.1353;19.0;0.6;93.63
1753880918.26;2.0;49.20423492;18.75491148;388.1872;42.1353;19.0;0.6;93.64
1753880918.27;2.0;49.20423492;18.75491147;388.1873;42.1353;19.0;0.6;93.645
1753880918.28;2.0;49.20423492;18.75491147;388.1874;42.1353;19.0;0.6;93.612
1753880918.29;2.0;49.20423493;18.75491147;388.1875;42.1353;19.0;0.6;93.574
1753880918.3;2.0;49.20423492;18.75491146;388.1874;42.1353;19.0;0.6;93.569
1753880918.31;2.0;49.20423493;18.75491146;388.1876;42.1353;19.0;0.6;93.604
1753880918.32;2.0;49.20423493;18.75491146;388.1884;42.1353;19.0;0.6;93.65
1753880918.33;2.0;49.20423492;18.75491146;388.1892;42.1353;19.0;0.6;93.662
1753880918.34;2.0;49.20423492;18.75491146;388.1897;42.1353;19.0;0.6;93.647
1753880918.35;2.0;49.20423492;18.75491146;388.1901;42.1353;19.0;0.6;93.651
1753880918.36;2.0;49.20423492;18.75491145;388.1909;42.1353;19.0;0.6;93.666
1753880918.37;2.0;49.20423493;18.75491145;388.1906;42.1353;19.0;0.6;93.672
1753880918.38;2.0;49.20423493;18.75491145;388.191;42.1353;19.0;0.6;93.727
1753880918.39;2.0;49.20423493;18.75491145;388.1913;42.1353;19.0;0.6;93.734
1753880918.4;2.0;49.20423493;18.75491145;388.1912;42.1353;19.0;0.6;93.763
1753880918.41;2.0;49.20423493;18.75491145;388.1915;42.1353;19.0;0.6;93.72
1753880918.42;2.0;49.20423493;18.75491145;388.1927;42.1353;19.0;0.6;93.697
1753880918.43;2.0;49.20423493;18.75491145;388.1934;42.1353;19.0;0.6;93.702
1753880918.44;2.0;49.20423494;18.75491144;388.1936;42.1353;19.0;0.6;93.699
1753880918.45;2.0;49.20423494;18.75491144;388.1938;42.1353;19.0;0.6;93.668
1753880918.46;2.0;49.20423494;18.75491144;388.1939;42.1353;19.0;0.6;93.693
1753880918.47;2.0;49.20423494;18.75491144;388.1943;42.1353;19.0;0.6;93.73
1753880918.48;2.0;49.20423494;18.75491144;388.1951;42.1353;19.0;0.6;93.742
1753880918.49;2.0;49.20423494;18.75491143;388.1948;42.1353;19.0;0.6;93.736
1753880918.5;2.0;49.20423494;18.75491143;388.1952;42.1353;19.0;0.6;93.7
1753880918.51;2.0;49.20423494;18.75491143;388.1954;42.1353;19.0;0.6;93.717
1753880918.52;2.0;49.20423494;18.75491143;388.1958;42.1353;19.0;0.6;93.735
1753880918.53;2.0;49.20423494;18.75491143;388.1969;42.1353;19.0;0.6;93.744
1753880918.54;2.0;49.20423494;18.75491143;388.1975;42.1353;19.0;0.6;93.735
1753880918.55;2.0;49.20423494;18.75491143;388.198;42.1353;19.0;0.6;93.712
1753880918.56;2.0;49.20423494;18.75491143;388.1982;42.1353;19.0;0.6;93.7
1753880918.57;2.0;49.20423494;18.75491143;388.1986;42.1353;19.0;0.6;93.693
1753880918.58;2.0;49.20423494;18.75491142;388.1985;42.1353;19.0;0.6;93.671
1753880918.59;2.0;49.20423494;18.75491143;388.199;42.1353;19.0;0.6;93.703
1753880918.6;2.0;49.20423494;18.75491143;388.1993;42.1353;19.0;0.6;93.734
1753880918.61;2.0;49.20423493;18.75491143;388.2002;42.1353;19.0;0.6;93.685
1753880918.62;2.0;49.20423493;18.75491143;388.2006;42.1353;19.0;0.6;93.642
1753880918.63;2.0;49.20423493;18.75491144;388.2006;42.1353;19.0;0.6;93.592
1753880918.64;2.0;49.20423493;18.75491144;388.2011;42.1353;19.0;0.6;93.56
1753880918.65;2.0;49.20423494;18.75491144;388.2013;42.1353;19.0;0.6;93.575
1753880918.66;2.0;49.20423493;18.75491144;388.2019;42.1353;19.0;0.6;93.605
1753880918.67;2.0;49.20423493;18.75491144;388.2026;42.1353;19.0;0.6;93.584
1753880918.68;2.0;49.20423493;18.75491144;388.2035;42.1353;19.0;0.6;93.634
1753880918.69;2.0;49.20423493;18.75491144;388.2027;42.1353;19.0;0.6;93.682
1753880918.7;2.0;49.20423494;18.75491144;388.2023;42.1353;19.0;0.6;93.702
1753880918.71;2.0;49.20423494;18.75491144;388.2026;42.1353;19.0;0.6;93.713
1753880918.72;2.0;49.20423494;18.75491144;388.2027;42.1353;19.0;0.6;93.704
1753880918.73;2.0;49.20423494;18.75491144;388.2034;42.1353;19.0;0.6;93.669
1753880918.74;2.0;49.20423494;18.75491144;388.2039;42.1353;19.0;0.6;93.628
1753880918.75;2.0;49.20423494;18.75491143;388.2039;42.1353;19.0;0.6;93.582
1753880918.76;2.0;49.20423495;18.75491143;388.204;42.1353;19.0;0.6;93.552
1753880918.77;2.0;49.20423495;18.75491143;388.2045;42.1353;19.0;0.6;93.571
1753880918.78;2.0;49.20423495;18.75491143;388.2045;42.1353;19.0;0.6;93.545
1753880918.79;2.0;49.20423495;18.75491142;388.2037;42.1353;19.0;0.6;93.588
1753880918.8;2.0;49.20423495;18.75491142;388.2038;42.1353;19.0;0.6;93.624
1753880918.81;2.0;49.20423495;18.75491142;388.2034;42.1353;19.0;0.6;93.584
1753880918.82;2.0;49.20423495;18.75491141;388.2037;42.1353;19.0;0.6;93.563
1753880918.83;2.0;49.20423495;18.75491142;388.2034;42.1353;19.0;0.6;93.56
1753880918.84;2.0;49.20423495;18.75491142;388.203;42.1353;19.0;0.6;93.58
1753880918.85;2.0;49.20423495;18.75491143;388.2027;42.1353;19.0;0.6;93.678
1753880918.86;2.0;49.20423495;18.75491143;388.2037;42.1353;19.0;0.6;93.699
1753880918.87;2.0;49.20423495;18.75491143;388.204;42.1353;19.0;0.6;93.661
1753880918.88;2.0;49.20423495;18.75491144;388.2043;42.1353;19.0;0.6;93.609
1753880918.89;2.0;49.20423495;18.75491144;388.2048;42.1353;19.0;0.6;93.56
1753880918.9;2.0;49.20423495;18.75491144;388.2054;42.1353;19.0;0.6;93.585
1753880918.91;2.0;49.20423495;18.75491145;388.2059;42.1353;19.0;0.6;93.575
1753880918.92;2.0;49.20423495;18.75491144;388.2061;42.1353;19.0;0.6;93.577
1753880918.93;2.0;49.20423495;18.75491144;388.2061;42.1353;19.0;0.6;93.56
1753880918.94;2.0;49.20423495;18.75491144;388.2058;42.1353;19.0;0.6;93.529
1753880918.95;2.0;49.20423495;18.75491144;388.2059;42.1353;19.0;0.6;93.554
1753880918.96;2.0;49.20423495;18.75491144;388.2061;42.1353;19.0;0.6;93.554
1753880918.97;2.0;49.20423495;18.75491143;388.2067;42.1353;19.0;0.6;93.505
1753880918.98;2.0;49.20423495;18.75491142;388.2068;42.1353;19.0;0.6;93.508
1753880918.99;2.0;49.20423495;18.75491142;388.2071;42.1353;19.0;0.6;93.515
1753880919.0;2.0;49.20423495;18.75491142;388.2069;42.1353;19.0;0.6;93.52
1753880919.01;2.0;49.20423495;18.75491142;388.2074;42.1353;19.0;0.6;93.519
1753880919.02;2.0;49.20423495;18.75491142;388.2082;42.1353;19.0;0.6;93.54
1753880919.03;2.0;49.20423495;18.75491142;388.2089;42.1353;19.0;0.6;93.564
1753880919.04;2.0;49.20423495;18.75491142;388.2091;42.1353;19.0;0.6;93.565
1753880919.05;2.0;49.20423495;18.75491142;388.209;42.1353;19.0;0.6;93.562
1753880919.06;2.0;49.20423495;18.75491142;388.2088;42.1353;19.0;0.6;93.565
1753880919.07;2.0;49.20423495;18.75491142;388.2086;42.1353;19.0;0.6;93.597
1753880919.08;2.0;49.20423495;18.75491142;388.2088;42.1353;19.0;0.6;93.608
1753880919.09;2.0;49.20423495;18.75491142;388.2095;42.1353;19.0;0.6;93.561
1753880919.1;2.0;49.20423495;18.75491141;388.2093;42.1353;19.0;0.6;93.52
1753880919.11;2.0;49.20423495;18.75491141;388.2087;42.1353;19.0;0.6;93.533
1753880919.12;2.0;49.20423495;18.75491141;388.2087;42.1353;19.0;0.6;93.513
1753880919.13;2.0;49.20423495;18.75491141;388.2091;42.1353;19.0;0.6;93.491
1753880919.14;2.0;49.20423495;18.75491141;388.2094;42.1353;19.0;0.6;93.535
1753880919.15;2.0;49.20423495;18.75491141;388.2094;42.1353;19.0;0.6;93.542
1753880919.16;2.0;49.20423494;18.75491141;388.2097;42.1353;19.0;0.6;93.563
1753880919.17;2.0;49.20423494;18.7549114;388.2103;42.1353;19.0;0.6;93.592
1753880919.18;2.0;49.20423494;18.7549114;388.2106;42.1353;19.0;0.6;93.656
1753880919.19;2.0;49.20423494;18.7549114;388.2111;42.1353;19.0;0.6;93.686
1753880919.2;2.0;49.20423494;18.75491141;388.2109;42.1353;19.0;0.6;93.706
1753880919.21;2.0;49.20423494;18.75491141;388.211;42.1353;19.0;0.6;93.68
1753880919.22;2.0;49.20423494;18.75491141;388.2114;42.1353;19.0;0.6;93.69
1753880919.23;2.0;49.20423494;18.75491141;388.2114;42.1353;19.0;0.6;93.686
1753880919.24;2.0;49.20423494;18.75491141;388.2112;42.1353;19.0;0.6;93.691
1753880919.25;2.0;49.20423493;18.75491141;388.2113;42.1353;19.0;0.6;93.681
1753880919.26;2.0;49.20423493;18.75491141;388.2117;42.1353;19.0;0.6;93.664
1753880919.27;2.0;49.20423493;18.75491141;388.2112;42.1353;19.0;0.6;93.65
1753880919.28;2.0;49.20423493;18.75491141;388.211;42.1353;19.0;0.6;93.656
1753880919.29;2.0;49.20423493;18.75491141;388.2111;42.1353;19.0;0.6;93.696
1753880919.3;2.0;49.20423493;18.75491141;388.2114;42.1353;19.0;0.6;93.685
1753880919.31;2.0;49.20423493;18.7549114;388.2115;42.1353;19.0;0.6;93.634
1753880919.32;2.0;49.20423493;18.75491141;388.2116;42.1353;19.0;0.6;93.621
1753880919.33;2.0;49.20423493;18.75491141;388.2112;42.1353;19.0;0.6;93.638
1753880919.34;2.0;49.20423493;18.7549114;388.2114;42.1353;19.0;0.6;93.651
1753880919.35;2.0;49.20423493;18.7549114;388.211;42.1353;19.0;0.6;93.663
1753880919.36;2.0;49.20423493;18.7549114;388.2113;42.1353;19.0;0.6;93.656
1753880919.37;2.0;49.20423493;18.7549114;388.2119;42.1353;19.0;0.6;93.637
1753880919.38;2.0;49.20423493;18.7549114;388.2122;42.1353;19.0;0.6;93.615
1753880919.39;2.0;49.20423493;18.7549114;388.2126;42.1353;19.0;0.6;93.663
1753880919.4;2.0;49.20423493;18.7549114;388.213;42.1353;19.0;0.6;93.693
1753880919.41;2.0;49.20423493;18.7549114;388.2132;42.1353;19.0;0.6;93.653
1753880919.42;2.0;49.20423493;18.75491139;388.2136;42.1353;19.0;0.6;93.629
1753880919.43;2.0;49.20423493;18.75491139;388.214;42.1353;19.0;0.6;93.608
1753880919.44;2.0;49.20423493;18.75491139;388.2143;42.1353;19.0;0.6;93.649
1753880919.45;2.0;49.20423492;18.75491139;388.2144;42.1353;19.0;0.6;93.669
1753880919.46;2.0;49.20423492;18.75491139;388.2147;42.1353;19.0;0.6;93.668
1753880919.47;2.0;49.20423492;18.75491139;388.2147;42.1353;19.0;0.6;93.656
1753880919.48;2.0;49.20423492;18.75491139;388.2146;42.1353;19.0;0.6;93.651
1753880919.49;2.0;49.20423492;18.7549114;388.2144;42.1353;19.0;0.6;93.605
1753880919.5;2.0;49.20423492;18.75491139;388.2144;42.1353;19.0;0.6;93.654
1753880919.51;2.0;49.20423492;18.75491139;388.2143;42.1353;19.0;0.6;93.628
1753880919.52;2.0;49.20423492;18.75491139;388.2144;42.1353;19.0;0.6;93.694
1753880919.53;2.0;49.20423492;18.75491139;388.2155;42.1353;19.0;0.6;93.693
1753880919.54;2.0;49.20423492;18.75491139;388.2156;42.1353;19.0;0.6;93.635
1753880919.55;2.0;49.20423491;18.75491139;388.216;42.1353;19.0;0.6;93.641
1753880919.56;2.0;49.20423491;18.75491139;388.2159;42.1353;19.0;0.6;93.647
1753880919.57;2.0;49.20423491;18.75491139;388.2156;42.1353;19.0;0.6;93.646
1753880919.58;2.0;49.20423491;18.75491139;388.2155;42.1353;19.0;0.6;93.654
1753880919.59;2.0;49.20423491;18.75491139;388.2151;42.1353;19.0;0.6;93.635
1753880919.6;2.0;49.20423491;18.75491139;388.2154;42.1353;19.0;0.6;93.596
1753880919.61;2.0;49.20423491;18.75491138;388.215;42.1353;19.0;0.6;93.649
1753880919.62;2.0;49.20423491;18.75491138;388.2149;42.1353;19.0;0.6;93.679
1753880919.63;2.0;49.2042349;18.75491138;388.215;42.1353;19.0;0.6;93.695
1753880919.64;2.0;49.2042349;18.75491138;388.2154;42.1353;19.0;0.6;93.684
1753880919.65;2.0;49.20423489;18.75491138;388.2161;42.1353;19.0;0.6;93.717
1753880919.66;2.0;49.20423489;18.75491138;388.2165;42.1353;19.0;0.6;93.751
1753880919.67;2.0;49.20423489;18.75491138;388.2161;42.1353;19.0;0.6;93.775
1753880919.68;2.0;49.20423488;18.75491137;388.216;42.1353;19.0;0.6;93.798
1753880919.69;2.0;49.20423488;18.75491138;388.2161;42.1353;19.0;0.6;93.839
1753880919.7;2.0;49.20423487;18.75491137;388.2163;42.1353;19.0;0.6;93.799
1753880919.71;2.0;49.20423487;18.75491137;388.2151;42.1353;19.0;0.6;93.817
1753880919.72;2.0;49.20423486;18.75491137;388.2155;42.1353;19.0;0.6;93.815
1753880919.73;2.0;49.20423485;18.75491137;388.2157;42.1353;19.0;0.6;93.824
1753880919.74;2.0;49.20423484;18.75491136;388.2161;42.1353;19.0;0.6;93.806
1753880919.75;2.0;49.20423483;18.75491136;388.2165;42.1353;19.0;0.6;93.756
1753880919.76;2.0;49.20423483;18.75491135;388.2161;42.1353;19.0;0.6;93.724
1753880919.77;2.0;49.20423481;18.75491135;388.2159;42.1353;19.0;0.6;93.721
1753880919.78;2.0;49.2042348;18.75491135;388.2158;42.1353;19.0;0.6;93.683
1753880919.79;2.0;49.2042348;18.75491135;388.216;42.1353;19.0;0.6;93.674
1753880919.8;2.0;49.20423479;18.75491135;388.2163;42.1353;19.0;0.6;93.69
1753880919.81;2.0;49.20423478;18.75491135;388.2156;42.1353;19.0;0.6;93.705
1753880919.82;2.0;49.20423478;18.75491135;388.215;42.1353;19.0;0.6;93.673
1753880919.83;2.0;49.20423477;18.75491135;388.2152;42.1353;19.0;0.6;93.636
1753880919.84;2.0;49.20423476;18.75491134;388.2162;42.1353;19.0;0.6;93.557
1753880919.85;2.0;49.20423475;18.75491134;388.2169;42.1353;19.0;0.6;93.497
1753880919.86;2.0;49.20423475;18.75491134;388.2175;42.1353;19.0;0.6;93.459
1753880919.87;2.0;49.20423474;18.75491133;388.2178;42.1353;19.0;0.6;93.494
1753880919.88;2.0;49.20423474;18.75491133;388.2182;42.1353;19.0;0.6;93.561
1753880919.89;2.0;49.20423474;18.75491133;388.2182;42.1353;19.0;0.6;93.6
1753880919.9;2.0;49.20423473;18.75491132;388.2177;42.1353;19.0;0.6;93.67
1753880919.91;2.0;49.20423473;18.75491132;388.2176;42.1353;19.0;0.6;93.658
1753880919.92;2.0;49.20423473;18.75491132;388.2173;42.1353;19.0;0.6;93.662
1753880919.93;2.0;49.20423473;18.75491131;388.217;42.1353;19.0;0.6;93.65
1753880919.94;2.0;49.20423472;18.75491131;388.2166;42.1353;19.0;0.6;93.666
1753880919.95;2.0;49.20423472;18.75491131;388.2164;42.1353;19.0;0.6;93.687
1753880919.96;2.0;49.20423472;18.75491131;388.2162;42.1353;19.0;0.6;93.657
1753880919.97;2.0;49.20423471;18.75491131;388.216;42.1353;19.0;0.6;93.643
1753880919.98;2.0;49.20423471;18.75491131;388.2162;42.1353;19.0;0.6;93.659
1753880919.99;2.0;49.20423471;18.75491131;388.2157;42.1353;19.0;0.6;93.648
1753880920.0;2.0;49.2042347;18.75491131;388.2161;42.1353;19.0;0.6;93.619
1753880920.01;2.0;49.2042347;18.75491131;388.2162;42.1353;19.0;0.6;93.547
1753880920.02;2.0;49.2042347;18.75491131;388.2164;42.1353;19.0;0.6;93.54
1753880920.03;2.0;49.20423469;18.7549113;388.2163;42.1353;19.0;0.6;93.507
1753880920.04;2.0;49.20423469;18.7549113;388.2163;42.1353;19.0;0.6;93.506
1753880920.05;2.0;49.20423469;18.75491129;388.2156;42.1353;19.0;0.6;93.501
1753880920.06;2.0;49.20423468;18.75491129;388.215;42.1353;19.0;0.6;93.495
1753880920.07;2.0;49.20423468;18.75491129;388.2158;42.1353;19.0;0.6;93.531
1753880920.08;2.0;49.20423467;18.75491129;388.2164;42.1353;19.0;0.6;93.49
1753880920.09;2.0;49.20423467;18.75491129;388.2161;42.1353;19.0;0.6;93.511
1753880920.1;2.0;49.20423466;18.75491128;388.2157;42.1353;19.0;0.6;93.557
1753880920.11;2.0;49.20423466;18.75491128;388.2159;42.1353;19.0;0.6;93.563
1753880920.12;2.0;49.20423465;18.75491128;388.2162;42.1353;19.0;0.6;93.552
1753880920.13;2.0;49.20423465;18.75491128;388.2164;42.1353;19.0;0.6;93.533
1753880920.14;2.0;49.20423465;18.75491128;388.2164;42.1353;19.0;0.6;93.524
1753880920.15;2.0;49.20423464;18.75491127;388.2162;42.1353;19.0;0.6;93.549
1753880920.16;2.0;49.20423464;18.75491127;388.2164;42.1353;19.0;0.6;93.602
1753880920.17;2.0;49.20423464;18.75491127;388.2166;42.1353;19.0;0.6;93.595
1753880920.18;2.0;49.20423464;18.75491126;388.2166;42.1353;19.0;0.6;93.623
1753880920.19;2.0;49.20423464;18.75491126;388.2171;42.1353;19.0;0.6;93.672
1753880920.2;2.0;49.20423464;18.75491126;388.2182;42.1353;19.0;0.6;93.687
1753880920.21;2.0;49.20423463;18.75491125;388.2192;42.1353;19.0;0.6;93.715
1753880920.22;2.0;49.20423463;18.75491125;388.2188;42.1353;19.0;0.6;93.72
1753880920.23;2.0;49.20423463;18.75491125;388.2184;42.1353;19.0;0.6;93.749
1753880920.24;2.0;49.20423463;18.75491124;388.2182;42.1353;19.0;0.6;93.761
1753880920.25;2.0;49.20423462;18.75491124;388.2182;42.1353;19.0;0.6;93.737
1753880920.26;2.0;49.20423462;18.75491124;388.2184;42.1353;19.0;0.6;93.691
1753880920.27;2.0;49.20423461;18.75491123;388.2176;42.1353;19.0;0.6;93.632
1753880920.28;2.0;49.20423461;18.75491123;388.2171;42.1353;19.0;0.6;93.572
1753880920.29;2.0;49.2042346;18.75491122;388.2171;42.1353;19.0;0.6;93.511
1753880920.3;2.0;49.2042346;18.75491122;388.2172;42.1353;19.0;0.6;93.477
1753880920.31;2.0;49.20423459;18.75491121;388.2167;42.1353;19.0;0.6;93.567
1753880920.32;2.0;49.20423458;18.7549112;388.2163;42.1353;19.0;0.6;93.599
1753880920.33;2.0;49.20423457;18.7549112;388.2157;42.1353;19.0;0.6;93.572
1753880920.34;2.0;49.20423455;18.75491119;388.2155;42.1353;19.0;0.6;93.548
1753880920.35;2.0;49.20423454;18.75491118;388.2151;42.1353;19.0;0.6;93.573
1753880920.36;2.0;49.20423453;18.75491117;388.2149;42.1353;19.0;0.6;93.563
1753880920.37;2.0;49.20423451;18.75491117;388.2148;42.1353;19.0;0.6;93.564
1753880920.38;2.0;49.20423449;18.75491116;388.2154;42.1353;19.0;0.6;93.58
1753880920.39;2.0;49.20423446;18.75491115;388.216;42.1353;19.0;0.6;93.536
1753880920.4;2.0;49.20423444;18.75491115;388.2167;42.1353;19.0;0.6;93.556
1753880920.41;2.0;49.20423441;18.75491114;388.2178;42.1353;19.0;0.6;93.588
1753880920.42;2.0;49.20423438;18.75491113;388.2189;42.1353;19.0;0.6;93.565
1753880920.43;2.0;49.20423436;18.75491112;388.2199;42.1353;19.0;0.6;93.586
1753880920.44;2.0;49.20423433;18.75491112;388.2203;42.1353;19.0;0.6;93.6
1753880920.45;2.0;49.2042343;18.75491111;388.2205;42.1353;19.0;0.6;93.626
1753880920.46;2.0;49.20423428;18.75491111;388.2207;42.1353;19.0;0.6;93.63
1753880920.47;2.0;49.20423425;18.7549111;388.2213;42.1353;19.0;0.6;93.639
1753880920.48;2.0;49.20423422;18.7549111;388.2215;42.1353;19.0;0.6;93.664
1753880920.49;2.0;49.20423419;18.7549111;388.2216;42.1353;19.0;0.6;93.643
1753880920.5;2.0;49.20423417;18.7549111;388.2215;42.1353;19.0;0.6;93.621
1753880920.51;2.0;49.20423414;18.7549111;388.2215;42.1353;19.0;0.6;93.614
1753880920.52;2.0;49.20423411;18.7549111;388.2209;42.1353;19.0;0.6;93.578
1753880920.53;2.0;49.20423409;18.7549111;388.2202;42.1353;19.0;0.6;93.538
1753880920.54;2.0;49.20423407;18.75491109;388.2198;42.1353;19.0;0.6;93.529
1753880920.55;2.0;49.20423405;18.75491109;388.2199;42.1353;19.0;0.6;93.541
1753880920.56;2.0;49.20423403;18.75491109;388.2201;42.1353;19.0;0.6;93.575
1753880920.57;2.0;49.20423401;18.75491108;388.2207;42.1353;19.0;0.6;93.558
1753880920.58;2.0;49.20423399;18.75491108;388.2205;42.1353;19.0;0.6;93.579
1753880920.59;2.0;49.20423398;18.75491107;388.2202;42.1353;19.0;0.6;93.585
1753880920.6;2.0;49.20423396;18.75491106;388.2202;42.1353;19.0;0.6;93.584
1753880920.61;2.0;49.20423394;18.75491105;388.2198;42.1353;19.0;0.6;93.618
1753880920.62;2.0;49.20423392;18.75491105;388.2193;42.1353;19.0;0.6;93.666
1753880920.63;2.0;49.20423391;18.75491104;388.2188;42.1353;19.0;0.6;93.623
1753880920.64;2.0;49.20423389;18.75491103;388.2187;42.1353;19.0;0.6;93.678
1753880920.65;2.0;49.20423387;18.75491102;388.2177;42.1353;19.0;0.6;93.711
1753880920.66;2.0;49.20423385;18.75491102;388.2171;42.1353;19.0;0.6;93.763
1753880920.67;2.0;49.20423383;18.75491101;388.2171;42.1353;19.0;0.6;93.699
1753880920.68;2.0;49.20423381;18.754911;388.2169;42.1353;19.0;0.6;93.616
1753880920.69;2.0;49.20423379;18.75491099;388.2164;42.1353;19.0;0.6;93.611
1753880920.7;2.0;49.20423377;18.75491098;388.2168;42.1353;19.0;0.6;93.617
1753880920.71;2.0;49.20423375;18.75491097;388.2161;42.1353;19.0;0.6;93.642
1753880920.72;2.0;49.20423372;18.75491096;388.216;42.1353;19.0;0.6;93.66
1753880920.73;2.0;49.20423369;18.75491095;388.2164;42.1353;19.0;0.6;93.645
1753880920.74;2.0;49.20423367;18.75491095;388.2163;42.1353;19.0;0.6;93.663
1753880920.75;2.0;49.20423365;18.75491094;388.2159;42.1353;19.0;0.6;93.642
1753880920.76;2.0;49.20423363;18.75491093;388.2158;42.1353;19.0;0.6;93.607
1753880920.77;2.0;49.2042336;18.75491092;388.216;42.1353;19.0;0.6;93.577
1753880920.78;2.0;49.20423358;18.75491091;388.2164;42.1353;19.0;0.6;93.559
1753880920.79;2.0;49.20423355;18.75491089;388.2165;42.1353;19.0;0.6;93.59
1753880920.8;2.0;49.20423352;18.75491088;388.2164;42.1353;19.0;0.6;93.568
1753880920.81;2.0;49.2042335;18.75491087;388.2164;42.1353;19.0;0.6;93.57
1753880920.82;2.0;49.20423348;18.75491086;388.2161;42.1353;19.0;0.6;93.574
1753880920.83;2.0;49.20423345;18.75491085;388.2168;42.1353;19.0;0.6;93.558
1753880920.84;2.0;49.20423342;18.75491084;388.2178;42.1353;19.0;0.6;93.531
1753880920.85;2.0;49.20423339;18.75491083;388.2189;42.1353;19.0;0.6;93.523
1753880920.86;2.0;49.20423337;18.75491081;388.2192;42.1353;19.0;0.6;93.523
1753880920.87;2.0;49.20423333;18.7549108;388.2191;42.1353;19.0;0.6;93.475
1753880920.88;2.0;49.2042333;18.75491079;388.2193;42.1353;19.0;0.6;93.43
1753880920.89;2.0;49.20423328;18.75491077;388.2192;42.1353;19.0;0.6;93.436
1753880920.9;2.0;49.20423325;18.75491076;388.2189;42.1353;19.0;0.6;93.501
1753880920.91;2.0;49.20423322;18.75491075;388.2191;42.1353;19.0;0.6;93.522
1753880920.92;2.0;49.2042332;18.75491074;388.2194;42.1353;19.0;0.6;93.547
1753880920.93;2.0;49.20423317;18.75491072;388.2191;42.1353;19.0;0.6;93.589
1753880920.94;2.0;49.20423314;18.75491072;388.219;42.1353;19.0;0.6;93.591
1753880920.95;2.0;49.20423312;18.75491071;388.2197;42.1353;19.0;0.6;93.547
1753880920.96;2.0;49.20423308;18.75491069;388.22;42.1353;19.0;0.6;93.514
1753880920.97;2.0;49.20423306;18.75491068;388.2195;42.1353;19.0;0.6;93.448
1753880920.98;2.0;49.20423303;18.75491067;388.2196;42.1353;19.0;0.6;93.396
1753880920.99;2.0;49.204233;18.75491066;388.2201;42.1353;19.0;0.6;93.381
1753880921.0;2.0;49.20423297;18.75491065;388.2208;42.1353;19.0;0.6;93.375
1753880921.01;2.0;49.20423295;18.75491064;388.2211;42.1353;19.0;0.6;93.324
1753880921.02;2.0;49.20423292;18.75491063;388.2215;42.1353;19.0;0.6;93.32
1753880921.03;2.0;49.2042329;18.75491061;388.2214;42.1353;19.0;0.6;93.356
1753880921.04;2.0;49.20423288;18.7549106;388.2219;42.1353;19.0;0.6;93.405
1753880921.05;2.0;49.20423285;18.7549106;388.2217;42.1353;19.0;0.6;93.428
1753880921.06;2.0;49.20423282;18.75491059;388.2223;42.1353;19.0;0.6;93.506
1753880921.07;2.0;49.2042328;18.75491058;388.2226;42.1353;19.0;0.6;93.569
1753880921.08;2.0;49.20423277;18.75491056;388.2222;42.1353;19.0;0.7;93.582
1753880921.09;2.0;49.20423274;18.75491055;388.222;42.1353;19.0;0.7;93.602
1753880921.1;2.0;49.20423272;18.75491054;388.2229;42.1353;19.0;0.7;93.608
1753880921.11;2.0;49.20423269;18.75491052;388.2235;42.1353;19.0;0.7;93.683
1753880921.12;2.0;49.20423266;18.75491051;388.2239;42.1353;19.0;0.7;93.679
1753880921.13;2.0;49.20423263;18.7549105;388.2248;42.1353;19.0;0.7;93.706
1753880921.14;2.0;49.2042326;18.75491048;388.2256;42.1353;19.0;0.7;93.715
1753880921.15;2.0;49.20423257;18.75491046;388.2268;42.1353;19.0;0.7;93.739
1753880921.16;2.0;49.20423254;18.75491045;388.2268;42.1353;19.0;0.7;93.714
1753880921.17;2.0;49.20423251;18.75491043;388.2264;42.1353;19.0;0.7;93.671
1753880921.18;2.0;49.20423248;18.75491042;388.2268;42.1353;19.0;0.7;93.683
1753880921.19;2.0;49.20423245;18.7549104;388.2272;42.1353;18.0;0.7;93.718
1753880921.2;2.0;49.20423242;18.75491038;388.2278;42.1353;18.0;0.7;93.758
1753880921.21;2.0;49.20423239;18.75491037;388.2283;42.1353;18.0;0.7;93.767
1753880921.22;2.0;49.20423236;18.75491035;388.2282;42.1353;18.0;0.7;93.697
1753880921.23;2.0;49.20423234;18.75491034;388.2282;42.1353;18.0;0.7;93.689
1753880921.24;2.0;49.20423231;18.75491033;388.2287;42.1353;18.0;0.7;93.747
1753880921.25;2.0;49.20423228;18.75491031;388.2291;42.1353;18.0;0.7;93.783
1753880921.26;2.0;49.20423225;18.75491029;388.2297;42.1353;18.0;0.7;93.71
1753880921.27;2.0;49.20423222;18.75491027;388.2304;42.1353;18.0;0.7;93.681
1753880921.28;2.0;49.2042322;18.75491025;388.2302;42.1353;18.0;0.7;93.649
1753880921.29;2.0;49.20423217;18.75491023;388.229;42.1353;18.0;0.7;93.674
1753880921.3;2.0;49.20423214;18.75491021;388.2285;42.1353;18.0;0.7;93.666
1753880921.31;2.0;49.20423211;18.7549102;388.2282;42.1353;18.0;0.7;93.678
1753880921.32;2.0;49.20423208;18.75491019;388.2276;42.1353;18.0;0.7;93.659
1753880921.33;2.0;49.20423205;18.75491017;388.2277;42.1353;18.0;0.7;93.652
1753880921.34;2.0;49.20423203;18.75491015;388.2283;42.1353;18.0;0.7;93.674
1753880921.35;2.0;49.20423201;18.75491013;388.2286;42.1353;18.0;0.7;93.726
1753880921.36;2.0;49.20423198;18.75491011;388.2281;42.1353;18.0;0.7;93.776
1753880921.37;2.0;49.20423195;18.75491009;388.2279;42.1353;18.0;0.7;93.773
1753880921.38;2.0;49.20423192;18.75491008;388.2275;42.1353;18.0;0.7;93.753
1753880921.39;2.0;49.2042319;18.75491006;388.2274;42.1353;18.0;0.7;93.731
1753880921.4;2.0;49.20423187;18.75491004;388.2279;42.1353;18.0;0.7;93.73
1753880921.41;2.0;49.20423185;18.75491002;388.2285;42.1353;18.0;0.7;93.716
1753880921.42;2.0;49.20423181;18.75491;388.2276;42.1353;18.0;0.7;93.723
1753880921.43;2.0;49.20423179;18.75490998;388.2271;42.1353;18.0;0.7;93.662
1753880921.44;2.0;49.20423176;18.75490996;388.2274;42.1353;18.0;0.7;93.645
1753880921.45;2.0;49.20423173;18.75490995;388.2275;42.1353;18.0;0.7;93.647
1753880921.46;2.0;49.2042317;18.75490993;388.2274;42.1353;18.0;0.7;93.619
1753880921.47;2.0;49.20423168;18.75490991;388.2274;42.1353;18.0;0.7;93.6
1753880921.48;2.0;49.20423165;18.75490989;388.2274;42.1353;18.0;0.7;93.608
1753880921.49;2.0;49.20423162;18.75490987;388.2274;42.1353;18.0;0.7;93.574
1753880921.5;2.0;49.20423159;18.75490985;388.2273;42.1353;18.0;0.7;93.567
1753880921.51;2.0;49.20423157;18.75490983;388.2269;42.1353;18.0;0.7;93.568
1753880921.52;2.0;49.20423153;18.75490981;388.2267;42.1353;18.0;0.7;93.627
1753880921.53;2.0;49.2042315;18.75490979;388.2273;42.1353;18.0;0.7;93.629
1753880921.54;2.0;49.20423148;18.75490978;388.2279;42.1353;18.0;0.7;93.614
1753880921.55;2.0;49.20423144;18.75490976;388.228;42.1353;18.0;0.7;93.598
1753880921.56;2.0;49.20423142;18.75490974;388.2278;42.1353;18.0;0.7;93.583
1753880921.57;2.0;49.20423139;18.75490972;388.2275;42.1353;18.0;0.7;93.549
1753880921.58;2.0;49.20423137;18.75490971;388.228;42.1353;19.0;0.6;93.539
1753880921.59;2.0;49.20423134;18.75490969;388.2282;42.1353;19.0;0.6;93.589
1753880921.6;2.0;49.20423132;18.75490968;388.2285;42.1353;19.0;0.6;93.588
1753880921.61;2.0;49.2042313;18.75490966;388.2282;42.1353;19.0;0.6;93.61
1753880921.62;2.0;49.20423127;18.75490965;388.2275;42.1353;19.0;0.6;93.663
1753880921.63;2.0;49.20423125;18.75490963;388.2277;42.1353;19.0;0.6;93.697
1753880921.64;2.0;49.20423122;18.75490961;388.2279;42.1353;19.0;0.6;93.707
1753880921.65;2.0;49.20423119;18.7549096;388.2276;42.1353;19.0;0.6;93.693
1753880921.66;2.0;49.20423117;18.75490958;388.2279;42.1353;19.0;0.6;93.688
1753880921.67;2.0;49.20423115;18.75490956;388.2284;42.1353;19.0;0.6;93.669
1753880921.68;2.0;49.20423112;18.75490954;388.2285;42.1353;19.0;0.6;93.666
1753880921.69;2.0;49.2042311;18.75490952;388.228;42.1353;19.0;0.6;93.629
1753880921.7;2.0;49.20423108;18.7549095;388.2282;42.1353;19.0;0.6;93.659
1753880921.71;2.0;49.20423106;18.75490947;388.2287;42.1353;19.0;0.6;93.662
1753880921.72;2.0;49.20423104;18.75490946;388.229;42.1353;19.0;0.6;93.616
1753880921.73;2.0;49.20423102;18.75490944;388.229;42.1353;19.0;0.6;93.623
1753880921.74;2.0;49.20423099;18.75490941;388.229;42.1353;19.0;0.6;93.592
1753880921.75;2.0;49.20423098;18.75490939;388.2293;42.1353;19.0;0.6;93.602
1753880921.76;2.0;49.20423096;18.75490937;388.2293;42.1353;19.0;0.6;93.623
1753880921.77;2.0;49.20423094;18.75490935;388.2292;42.1353;19.0;0.6;93.626
1753880921.78;2.0;49.20423093;18.75490932;388.2287;42.1353;19.0;0.6;93.635
1753880921.79;2.0;49.20423091;18.7549093;388.2284;42.1353;19.0;0.6;93.671
1753880921.8;2.0;49.2042309;18.75490928;388.2278;42.1353;19.0;0.6;93.678
1753880921.81;2.0;49.20423088;18.75490926;388.2285;42.1353;19.0;0.6;93.656
1753880921.82;2.0;49.20423086;18.75490924;388.229;42.1353;19.0;0.6;93.66
1753880921.83;2.0;49.20423084;18.75490921;388.2297;42.1353;19.0;0.6;93.654
1753880921.84;2.0;49.20423083;18.75490919;388.2305;42.1353;19.0;0.6;93.621
1753880921.85;2.0;49.20423081;18.75490917;388.2305;42.1353;19.0;0.6;93.629
1753880921.86;2.0;49.20423079;18.75490915;388.2306;42.1353;19.0;0.6;93.701
1753880921.87;2.0;49.20423078;18.75490913;388.2305;42.1353;19.0;0.6;93.737
1753880921.88;2.0;49.20423076;18.7549091;388.2306;42.1353;19.0;0.6;93.759
1753880921.89;2.0;49.20423074;18.75490909;388.231;42.1353;19.0;0.6;93.713
1753880921.9;2.0;49.20423072;18.75490906;388.2314;42.1353;19.0;0.6;93.675
1753880921.91;2.0;49.20423071;18.75490904;388.2312;42.1353;19.0;0.6;93.675
1753880921.92;2.0;49.20423069;18.75490902;388.2314;42.1353;19.0;0.6;93.651
1753880921.93;2.0;49.20423067;18.754909;388.2316;42.1353;19.0;0.6;93.62
1753880921.94;2.0;49.20423065;18.75490897;388.2315;42.1353;19.0;0.6;93.651
1753880921.95;2.0;49.20423063;18.75490895;388.2309;42.1353;19.0;0.6;93.695
1753880921.96;2.0;49.2042306;18.75490893;388.231;42.1353;19.0;0.6;93.734
1753880921.97;2.0;49.20423058;18.75490891;388.2313;42.1353;19.0;0.6;93.718
1753880921.98;2.0;49.20423056;18.75490888;388.2307;42.1353;19.0;0.6;93.664
1753880921.99;2.0;49.20423054;18.75490886;388.2311;42.1353;19.0;0.6;93.64
1753880922.0;2.0;49.20423052;18.75490884;388.2318;42.1353;19.0;0.6;93.672
1753880922.01;2.0;49.2042305;18.75490882;388.2324;42.1353;19.0;0.6;93.692
1753880922.02;2.0;49.20423048;18.7549088;388.2323;42.1353;19.0;0.6;93.723
1753880922.03;2.0;49.20423046;18.75490878;388.2325;42.1353;19.0;0.6;93.758
1753880922.04;2.0;49.20423044;18.75490875;388.2322;42.1353;19.0;0.6;93.806
1753880922.05;2.0;49.20423042;18.75490873;388.2319;42.1353;19.0;0.6;93.813
1753880922.06;2.0;49.2042304;18.75490871;388.2322;42.1353;19.0;0.6;93.833
1753880922.07;2.0;49.20423038;18.75490869;388.2319;42.1353;19.0;0.6;93.872
1753880922.08;2.0;49.20423036;18.75490866;388.2315;42.1353;19.0;0.6;93.875
1753880922.09;2.0;49.20423034;18.75490864;388.2311;42.1353;19.0;0.6;93.835
1753880922.1;2.0;49.20423032;18.75490861;388.2314;42.1353;19.0;0.6;93.842
1753880922.11;2.0;49.20423031;18.75490859;388.2315;42.1353;19.0;0.6;93.874
1753880922.12;2.0;49.20423029;18.75490857;388.2319;42.1353;19.0;0.6;93.871
1753880922.13;2.0;49.20423027;18.75490855;388.2316;42.1353;19.0;0.6;93.846
1753880922.14;2.0;49.20423025;18.75490853;388.2311;42.1353;19.0;0.6;93.822
1753880922.15;2.0;49.20423024;18.7549085;388.2304;42.1353;19.0;0.6;93.824
1753880922.16;2.0;49.20423022;18.75490848;388.2297;42.1353;19.0;0.6;93.884
1753880922.17;2.0;49.20423021;18.75490845;388.2296;42.1353;19.0;0.6;93.899
1753880922.18;2.0;49.20423019;18.75490843;388.2298;42.1353;19.0;0.6;93.904
1753880922.19;2.0;49.20423017;18.75490841;388.2291;42.1353;19.0;0.6;93.879
1753880922.2;2.0;49.20423015;18.75490839;388.2298;42.1353;19.0;0.6;93.809
1753880922.21;2.0;49.20423014;18.75490837;388.2301;42.1353;19.0;0.6;93.778
1753880922.22;2.0;49.20423013;18.75490835;388.2302;42.1353;19.0;0.6;93.768
1753880922.23;2.0;49.20423011;18.75490832;388.2301;42.1353;19.0;0.6;93.772
1753880922.24;2.0;49.20423009;18.7549083;388.2307;42.1353;19.0;0.6;93.772
1753880922.25;2.0;49.20423008;18.75490827;388.2306;42.1353;19.0;0.6;93.806
1753880922.26;2.0;49.20423007;18.75490825;388.2308;42.1353;19.0;0.6;93.81
1753880922.27;2.0;49.20423005;18.75490823;388.2308;42.1353;19.0;0.6;93.803
1753880922.28;2.0;49.20423005;18.7549082;388.2304;42.1353;19.0;0.6;93.882
1753880922.29;2.0;49.20423003;18.75490817;388.2315;42.1353;19.0;0.6;93.911
1753880922.3;2.0;49.20423002;18.75490815;388.2337;42.1353;19.0;0.6;93.958
1753880922.31;2.0;49.20423001;18.75490813;388.2355;42.1353;19.0;0.6;93.97
1753880922.32;2.0;49.20422999;18.7549081;388.2359;42.1353;19.0;0.6;94.005
1753880922.33;2.0;49.20422998;18.75490809;388.236;42.1353;19.0;0.6;94.004
1753880922.34;2.0;49.20422997;18.75490806;388.2361;42.1353;19.0;0.6;94.0
1753880922.35;2.0;49.20422996;18.75490804;388.2367;42.1353;19.0;0.6;93.989
1753880922.36;2.0;49.20422995;18.75490802;388.2375;42.1353;19.0;0.6;94.019
1753880922.37;2.0;49.20422994;18.75490799;388.2374;42.1353;19.0;0.6;94.05
1753880922.38;2.0;49.20422992;18.75490797;388.2375;42.1353;19.0;0.6;94.038
1753880922.39;2.0;49.2042299;18.75490795;388.2381;42.1353;19.0;0.6;93.961
1753880922.4;2.0;49.20422988;18.75490793;388.2388;42.1353;19.0;0.6;93.975
1753880922.41;2.0;49.20422987;18.75490791;388.2387;42.1353;19.0;0.6;93.985
1753880922.42;2.0;49.20422985;18.75490789;388.239;42.1353;19.0;0.6;93.973
1753880922.43;2.0;49.20422983;18.75490787;388.239;42.1353;19.0;0.6;93.938
1753880922.44;2.0;49.20422981;18.75490785;388.2394;42.1353;19.0;0.6;93.92
1753880922.45;2.0;49.20422979;18.75490783;388.2392;42.1353;19.0;0.6;93.927
1753880922.46;2.0;49.20422978;18.7549078;388.2393;42.1353;19.0;0.6;93.871
1753880922.47;2.0;49.20422976;18.75490778;388.2393;42.1353;19.0;0.6;93.843
1753880922.48;2.0;49.20422974;18.75490776;388.2395;42.1353;19.0;0.6;93.8
1753880922.49;2.0;49.20422972;18.75490773;388.2398;42.1353;19.0;0.6;93.785
1753880922.5;2.0;49.2042297;18.7549077;388.2396;42.1353;19.0;0.6;93.731
1753880922.51;2.0;49.20422968;18.75490768;388.2394;42.1353;19.0;0.6;93.705
1753880922.52;2.0;49.20422966;18.75490766;388.2396;42.1353;19.0;0.6;93.744
1753880922.53;2.0;49.20422963;18.75490763;388.2399;42.1353;19.0;0.6;93.776
1753880922.54;2.0;49.20422961;18.75490761;388.2398;42.1353;19.0;0.6;93.797
1753880922.55;2.0;49.20422959;18.75490758;388.2404;42.1353;19.0;0.6;93.789
1753880922.56;2.0;49.20422957;18.75490755;388.2409;42.1353;19.0;0.6;93.779
1753880922.57;2.0;49.20422955;18.75490753;388.2409;42.1353;19.0;0.6;93.789
1753880922.58;2.0;49.20422954;18.75490751;388.2403;42.1353;19.0;0.6;93.8
1753880922.59;2.0;49.20422952;18.7549075;388.2395;42.1353;19.0;0.6;93.794
1753880922.6;2.0;49.2042295;18.75490748;388.2391;42.1353;19.0;0.6;93.819
1753880922.61;2.0;49.20422948;18.75490747;388.2395;42.1353;19.0;0.6;93.772
1753880922.62;2.0;49.20422946;18.75490745;388.2407;42.1353;19.0;0.6;93.735
1753880922.63;2.0;49.20422944;18.75490743;388.2407;42.1353;19.0;0.6;93.676
1753880922.64;2.0;49.20422942;18.75490742;388.2411;42.1353;19.0;0.6;93.617
1753880922.65;2.0;49.2042294;18.75490741;388.2421;42.1353;19.0;0.6;93.597
1753880922.66;2.0;49.20422938;18.7549074;388.2425;42.1353;19.0;0.6;93.628
1753880922.67;2.0;49.20422937;18.75490738;388.2423;42.1353;19.0;0.6;93.627
1753880922.68;2.0;49.20422935;18.75490736;388.2427;42.1353;19.0;0.6;93.636
1753880922.69;2.0;49.20422933;18.75490734;388.2429;42.1353;19.0;0.6;93.645
1753880922.7;2.0;49.20422931;18.75490732;388.2426;42.1353;19.0;0.6;93.646
1753880922.71;2.0;49.20422929;18.7549073;388.2423;42.1353;19.0;0.6;93.598
1753880922.72;2.0;49.20422927;18.75490728;388.2413;42.1353;19.0;0.6;93.576
1753880922.73;2.0;49.20422925;18.75490727;388.2411;42.1353;19.0;0.6;93.525
1753880922.74;2.0;49.20422923;18.75490725;388.241;42.1353;19.0;0.6;93.506
1753880922.75;2.0;49.20422921;18.75490723;388.2414;42.1353;19.0;0.6;93.535
1753880922.76;2.0;49.20422919;18.75490721;388.2421;42.1353;19.0;0.6;93.536
1753880922.77;2.0;49.20422918;18.75490719;388.242;42.1353;19.0;0.6;93.493
1753880922.78;2.0;49.20422916;18.75490717;388.242;42.1353;19.0;0.6;93.491
1753880922.79;2.0;49.20422913;18.75490714;388.2422;42.1353;19.0;0.6;93.485
1753880922.8;2.0;49.20422911;18.75490712;388.2421;42.1353;19.0;0.6;93.538
1753880922.81;2.0;49.20422909;18.7549071;388.2422;42.1353;19.0;0.6;93.528
1753880922.82;2.0;49.20422907;18.75490707;388.2414;42.1353;19.0;0.6;93.517
1753880922.83;2.0;49.20422905;18.75490704;388.2409;42.1353;19.0;0.6;93.472
1753880922.84;2.0;49.20422902;18.75490702;388.2408;42.1353;19.0;0.6;93.447
1753880922.85;2.0;49.204229;18.754907;388.241;42.1353;19.0;0.6;93.432
1753880922.86;2.0;49.20422898;18.75490698;388.2408;42.1353;19.0;0.6;93.361
1753880922.87;2.0;49.20422897;18.75490695;388.2399;42.1353;19.0;0.6;93.361
1753880922.88;2.0;49.20422895;18.75490693;388.2391;42.1353;19.0;0.6;93.401
1753880922.89;2.0;49.20422893;18.7549069;388.2389;42.1353;19.0;0.6;93.438
1753880922.9;2.0;49.20422891;18.75490687;388.2388;42.1353;19.0;0.6;93.423
1753880922.91;2.0;49.20422889;18.75490685;388.2389;42.1353;19.0;0.6;93.424
1753880922.92;2.0;49.20422887;18.75490682;388.2387;42.1353;19.0;0.6;93.422
1753880922.93;2.0;49.20422885;18.7549068;388.2382;42.1353;19.0;0.6;93.441
1753880922.94;2.0;49.20422883;18.75490678;388.2373;42.1353;19.0;0.6;93.427
1753880922.95;2.0;49.20422881;18.75490676;388.2368;42.1353;19.0;0.6;93.398
1753880922.96;2.0;49.20422879;18.75490673;388.2361;42.1353;19.0;0.6;93.408
1753880922.97;2.0;49.20422878;18.7549067;388.2356;42.1353;19.0;0.6;93.423
1753880922.98;2.0;49.20422876;18.75490668;388.2352;42.1353;19.0;0.6;93.444
1753880922.99;2.0;49.20422874;18.75490665;388.235;42.1353;19.0;0.6;93.465
1753880923.0;2.0;49.20422871;18.75490663;388.2347;42.1353;19.0;0.6;93.464
1753880923.01;2.0;49.20422869;18.7549066;388.2339;42.1353;19.0;0.6;93.465
1753880923.02;2.0;49.20422868;18.75490658;388.233;42.1353;19.0;0.6;93.477
1753880923.03;2.0;49.20422866;18.75490656;388.2323;42.1353;19.0;0.6;93.515
1753880923.04;2.0;49.20422864;18.75490654;388.2318;42.1353;19.0;0.6;93.533
1753880923.05;2.0;49.20422862;18.75490652;388.232;42.1353;19.0;0.6;93.559
1753880923.06;2.0;49.2042286;18.75490649;388.2321;42.1353;19.0;0.6;93.573
1753880923.07;2.0;49.20422858;18.75490647;388.2325;42.1353;19.0;0.6;93.641
1753880923.08;2.0;49.20422856;18.75490646;388.2328;42.1353;19.0;0.6;93.617
1753880923.09;2.0;49.20422854;18.75490644;388.2327;42.1353;19.0;0.6;93.605
1753880923.1;2.0;49.20422852;18.75490642;388.2329;42.1353;19.0;0.6;93.62
1753880923.11;2.0;49.2042285;18.7549064;388.2334;42.1353;19.0;0.6;93.631
1753880923.12;2.0;49.20422848;18.75490639;388.2331;42.1353;19.0;0.6;93.588
1753880923.13;2.0;49.20422846;18.75490638;388.2334;42.1353;19.0;0.6;93.581
1753880923.14;2.0;49.20422844;18.75490636;388.2333;42.1353;19.0;0.6;93.563
1753880923.15;2.0;49.20422842;18.75490635;388.2327;42.1353;19.0;0.6;93.533
1753880923.16;2.0;49.2042284;18.75490634;388.2327;42.1353;19.0;0.6;93.527
1753880923.17;2.0;49.20422837;18.75490633;388.2327;42.1353;19.0;0.6;93.465
1753880923.18;2.0;49.20422834;18.75490632;388.2328;42.1353;19.0;0.6;93.4
1753880923.19;2.0;49.20422832;18.7549063;388.2325;42.1353;19.0;0.6;93.389
1753880923.2;2.0;49.20422829;18.75490629;388.2326;42.1353;19.0;0.6;93.356
1753880923.21;2.0;49.20422827;18.75490628;388.2328;42.1353;19.0;0.6;93.299
1753880923.22;2.0;49.20422825;18.75490627;388.2327;42.1353;19.0;0.6;93.26
1753880923.23;2.0;49.20422822;18.75490626;388.2329;42.1353;19.0;0.6;93.25
1753880923.24;2.0;49.20422819;18.75490625;388.2333;42.1353;19.0;0.6;93.204
1753880923.25;2.0;49.20422816;18.75490624;388.2334;42.1353;19.0;0.6;93.097
1753880923.26;2.0;49.20422813;18.75490623;388.2334;42.1353;19.0;0.6;93.046
1753880923.27;2.0;49.20422811;18.75490622;388.234;42.1353;19.0;0.6;92.968
1753880923.28;2.0;49.20422809;18.75490621;388.2349;42.1353;19.0;0.6;92.857
1753880923.29;2.0;49.20422806;18.7549062;388.2365;42.1353;19.0;0.6;92.792
1753880923.3;2.0;49.20422803;18.75490619;388.2372;42.1353;19.0;0.6;92.739
1753880923.31;2.0;49.20422801;18.75490618;388.2377;42.1353;19.0;0.6;92.651
1753880923.32;2.0;49.20422799;18.75490617;388.238;42.1353;19.0;0.6;92.621
1753880923.33;2.0;49.20422796;18.75490615;388.2383;42.1353;19.0;0.6;92.611
1753880923.34;2.0;49.20422793;18.75490614;388.2383;42.1353;19.0;0.6;92.565
1753880923.35;2.0;49.20422791;18.75490613;388.2384;42.1353;19.0;0.6;92.453
1753880923.36;2.0;49.20422789;18.75490612;388.2382;42.1353;19.0;0.6;92.407
1753880923.37;2.0;49.20422787;18.7549061;388.2384;42.1353;19.0;0.6;92.366
1753880923.38;2.0;49.20422784;18.75490609;388.2391;42.1353;19.0;0.6;92.294
1753880923.39;2.0;49.20422782;18.75490608;388.2401;42.1353;19.0;0.6;92.2
1753880923.4;2.0;49.20422779;18.75490607;388.241;42.1353;19.0;0.6;92.15
1753880923.41;2.0;49.20422777;18.75490606;388.2412;42.1353;19.0;0.6;92.127
1753880923.42;2.0;49.20422774;18.75490604;388.2405;42.1353;19.0;0.6;92.092
1753880923.43;2.0;49.20422772;18.75490603;388.2397;42.1353;19.0;0.6;92.066
1753880923.44;2.0;49.2042277;18.75490602;388.2393;42.1353;19.0;0.6;92.01
1753880923.45;2.0;49.20422768;18.75490601;388.2389;42.1353;19.0;0.6;91.96
1753880923.46;2.0;49.20422766;18.75490599;388.2385;42.1353;19.0;0.6;91.925
1753880923.47;2.0;49.20422764;18.75490598;388.238;42.1353;19.0;0.6;91.892
1753880923.48;2.0;49.20422761;18.75490597;388.2371;42.1353;19.0;0.6;91.865
1753880923.49;2.0;49.20422759;18.75490596;388.2362;42.1353;19.0;0.6;91.799
1753880923.5;2.0;49.20422757;18.75490594;388.2356;42.1353;19.0;0.6;91.725
1753880923.51;2.0;49.20422755;18.75490592;388.2353;42.1353;19.0;0.6;91.699
1753880923.52;2.0;49.20422752;18.75490592;388.2356;42.1353;19.0;0.6;91.693
1753880923.53;2.0;49.2042275;18.7549059;388.2354;42.1353;19.0;0.6;91.66
1753880923.54;2.0;49.20422747;18.75490589;388.2356;42.1353;19.0;0.6;91.544
1753880923.55;2.0;49.20422745;18.75490588;388.2353;42.1353;19.0;0.6;91.439
1753880923.56;2.0;49.20422743;18.75490587;388.2347;42.1353;19.0;0.6;91.418
1753880923.57;2.0;49.2042274;18.75490586;388.2339;42.1353;19.0;0.6;91.399
1753880923.58;2.0;49.20422738;18.75490585;388.2338;42.1353;19.0;0.6;91.35
1753880923.59;2.0;49.20422736;18.75490585;388.2339;42.1353;19.0;0.6;91.277
1753880923.6;2.0;49.20422733;18.75490585;388.2342;42.1353;19.0;0.6;91.233
1753880923.61;2.0;49.20422731;18.75490584;388.2341;42.1353;19.0;0.6;91.105
1753880923.62;2.0;49.20422729;18.75490584;388.2344;42.1353;19.0;0.6;91.015
1753880923.63;2.0;49.20422727;18.75490584;388.2352;42.1353;19.0;0.6;90.973
1753880923.64;2.0;49.20422724;18.75490583;388.236;42.1353;19.0;0.6;90.949
1753880923.65;2.0;49.20422722;18.75490583;388.2363;42.1353;19.0;0.6;90.852
1753880923.66;2.0;49.2042272;18.75490583;388.236;42.1353;19.0;0.6;90.733
1753880923.67;2.0;49.20422717;18.75490582;388.2357;42.1353;19.0;0.6;90.711
1753880923.68;2.0;49.20422715;18.75490582;388.2363;42.1353;19.0;0.6;90.743
1753880923.69;2.0;49.20422713;18.75490582;388.2367;42.1353;19.0;0.6;90.74
1753880923.7;2.0;49.20422711;18.75490581;388.2373;42.1353;19.0;0.6;90.668
1753880923.71;2.0;49.20422708;18.75490581;388.2376;42.1353;19.0;0.6;90.578
1753880923.72;2.0;49.20422706;18.75490581;388.2381;42.1353;19.0;0.6;90.567
1753880923.73;2.0;49.20422704;18.75490581;388.2392;42.1353;19.0;0.6;90.581
1753880923.74;2.0;49.20422701;18.7549058;388.2401;42.1353;19.0;0.6;90.548
1753880923.75;2.0;49.20422699;18.7549058;388.241;42.1353;19.0;0.6;90.483
1753880923.76;2.0;49.20422696;18.7549058;388.242;42.1353;19.0;0.6;90.383
1753880923.77;2.0;49.20422693;18.7549058;388.2427;42.1353;19.0;0.6;90.329
1753880923.78;2.0;49.20422691;18.7549058;388.2433;42.1353;19.0;0.6;90.243
1753880923.79;2.0;49.20422688;18.7549058;388.2438;42.1353;19.0;0.6;90.176
1753880923.8;2.0;49.20422685;18.7549058;388.2449;42.1353;19.0;0.6;90.115
1753880923.81;2.0;49.20422682;18.7549058;388.246;42.1353;19.0;0.6;90.017
1753880923.82;2.0;49.20422679;18.7549058;388.2466;42.1353;19.0;0.6;89.894
1753880923.83;2.0;49.20422676;18.75490581;388.247;42.1353;19.0;0.6;89.809
1753880923.84;2.0;49.20422673;18.75490581;388.2473;42.1353;19.0;0.6;89.693
1753880923.85;2.0;49.20422671;18.75490581;388.248;42.1353;19.0;0.6;89.593
1753880923.86;2.0;49.20422668;18.75490581;388.2481;42.1353;19.0;0.6;89.5
1753880923.87;2.0;49.20422665;18.75490581;388.2476;42.1353;19.0;0.6;89.423
1753880923.88;2.0;49.20422662;18.75490581;388.2477;42.1353;19.0;0.6;89.322
1753880923.89;2.0;49.20422659;18.75490581;388.2481;42.1353;19.0;0.6;89.22
1753880923.9;2.0;49.20422657;18.75490581;388.249;42.1353;19.0;0.6;89.086
1753880923.91;2.0;49.20422654;18.75490581;388.2485;42.1353;19.0;0.6;89.014
1753880923.92;2.0;49.20422652;18.75490581;388.2487;42.1353;19.0;0.6;88.951
1753880923.93;2.0;49.2042265;18.75490581;388.2483;42.1353;19.0;0.6;88.85
1753880923.94;2.0;49.20422647;18.75490581;388.2483;42.1353;19.0;0.6;88.793
1753880923.95;2.0;49.20422644;18.75490582;388.2486;42.1353;19.0;0.6;88.723
1753880923.96;2.0;49.20422641;18.75490582;388.2495;42.1353;19.0;0.6;88.666
1753880923.97;2.0;49.20422638;18.75490582;388.2505;42.1353;19.0;0.6;88.578
1753880923.98;2.0;49.20422636;18.75490581;388.251;42.1353;19.0;0.6;88.489
1753880923.99;2.0;49.20422633;18.7549058;388.2514;42.1353;19.0;0.6;88.394
1753880924.0;2.0;49.20422631;18.7549058;388.2524;42.1353;19.0;0.6;88.309
1753880924.01;2.0;49.20422628;18.75490579;388.253;42.1353;19.0;0.6;88.258
1753880924.02;2.0;49.20422625;18.75490579;388.2525;42.1353;19.0;0.6;88.176
1753880924.03;2.0;49.20422623;18.75490578;388.2524;42.1353;19.0;0.6;88.068
1753880924.04;2.0;49.2042262;18.75490578;388.2532;42.1353;19.0;0.6;87.953
1753880924.05;2.0;49.20422618;18.75490577;388.2546;42.1353;19.0;0.6;87.895
1753880924.06;2.0;49.20422615;18.75490577;388.2557;42.1353;19.0;0.6;87.862
1753880924.07;2.0;49.20422613;18.75490577;388.2561;42.1353;19.0;0.6;87.834
1753880924.08;2.0;49.2042261;18.75490577;388.2565;42.1353;19.0;0.6;87.755
1753880924.09;2.0;49.20422608;18.75490577;388.2572;42.1353;19.0;0.6;87.654
1753880924.1;2.0;49.20422605;18.75490578;388.2578;42.1353;19.0;0.6;87.516
1753880924.11;2.0;49.20422602;18.75490578;388.2579;42.1353;19.0;0.6;87.415
1753880924.12;2.0;49.204226;18.75490578;388.2575;42.1353;19.0;0.6;87.352
1753880924.13;2.0;49.20422597;18.75490579;388.2577;42.1353;19.0;0.6;87.256
1753880924.14;2.0;49.20422594;18.75490579;388.2581;42.1353;19.0;0.6;87.175
1753880924.15;2.0;49.20422592;18.7549058;388.2587;42.1353;19.0;0.6;87.078
1753880924.16;2.0;49.20422588;18.75490581;388.2596;42.1353;19.0;0.6;87.07
1753880924.17;2.0;49.20422585;18.75490581;388.26;42.1353;19.0;0.6;86.995
1753880924.18;2.0;49.20422582;18.75490582;388.2602;42.1353;19.0;0.6;86.93
1753880924.19;2.0;49.20422579;18.75490582;388.2604;42.1353;19.0;0.6;86.914
1753880924.2;2.0;49.20422577;18.75490583;388.2615;42.1353;19.0;0.6;86.882
1753880924.21;2.0;49.20422574;18.75490583;388.2624;42.1353;19.0;0.6;86.843
1753880924.22;2.0;49.20422571;18.75490583;388.2623;42.1353;19.0;0.6;86.752
1753880924.23;2.0;49.20422568;18.75490584;388.2624;42.1353;19.0;0.6;86.627
1753880924.24;2.0;49.20422565;18.75490584;388.2626;42.1353;19.0;0.6;86.499
1753880924.25;2.0;49.20422561;18.75490585;388.2631;42.1353;19.0;0.6;86.389
1753880924.26;2.0;49.20422559;18.75490586;388.2638;42.1353;19.0;0.6;86.312
1753880924.27;2.0;49.20422556;18.75490586;388.2654;42.1353;19.0;0.6;86.24
1753880924.28;2.0;49.20422553;18.75490587;388.266;42.1353;19.0;0.6;86.176
1753880924.29;2.0;49.2042255;18.75490587;388.2663;42.1353;19.0;0.6;86.045
1753880924.3;2.0;49.20422548;18.75490587;388.2667;42.1353;19.0;0.6;85.979
1753880924.31;2.0;49.20422545;18.75490587;388.2675;42.1353;19.0;0.6;85.925
1753880924.32;2.0;49.20422542;18.75490587;388.2679;42.1353;19.0;0.6;85.878
1753880924.33;2.0;49.20422539;18.75490587;388.2681;42.1353;19.0;0.6;85.826
1753880924.34;2.0;49.20422537;18.75490586;388.2687;42.1353;19.0;0.6;85.804
1753880924.35;2.0;49.20422535;18.75490586;388.2692;42.1353;19.0;0.6;85.829
1753880924.36;2.0;49.20422533;18.75490586;388.2692;42.1353;19.0;0.6;85.912
1753880924.37;2.0;49.2042253;18.75490586;388.2691;42.1353;19.0;0.6;85.958
1753880924.38;2.0;49.20422528;18.75490586;388.2695;42.1353;19.0;0.6;86.026
1753880924.39;2.0;49.20422526;18.75490586;388.2703;42.1353;19.0;0.6;86.08
1753880924.4;2.0;49.20422524;18.75490586;388.2711;42.1353;19.0;0.6;86.117
1753880924.41;2.0;49.20422521;18.75490586;388.2713;42.1353;19.0;0.6;86.159
1753880924.42;2.0;49.20422519;18.75490585;388.271;42.1353;19.0;0.6;86.126
1753880924.43;2.0;49.20422517;18.75490585;388.2713;42.1353;19.0;0.6;86.12
1753880924.44;2.0;49.20422515;18.75490585;388.2718;42.1353;19.0;0.6;86.138
1753880924.45;2.0;49.20422513;18.75490585;388.2723;42.1353;19.0;0.6;86.166
1753880924.46;2.0;49.2042251;18.75490584;388.273;42.1353;19.0;0.6;86.196
1753880924.47;2.0;49.20422508;18.75490584;388.2739;42.1353;19.0;0.6;86.231
1753880924.48;2.0;49.20422505;18.75490584;388.2753;42.1353;19.0;0.6;86.193
1753880924.49;2.0;49.20422502;18.75490584;388.277;42.1353;19.0;0.6;86.191
1753880924.5;2.0;49.204225;18.75490584;388.2783;42.1353;19.0;0.6;86.249
1753880924.51;2.0;49.20422497;18.75490584;388.2785;42.1353;19.0;0.6;86.27
1753880924.52;2.0;49.20422495;18.75490584;388.2785;42.1353;19.0;0.6;86.313
1753880924.53;2.0;49.20422492;18.75490584;388.279;42.1353;19.0;0.6;86.327
1753880924.54;2.0;49.2042249;18.75490584;388.2797;42.1353;19.0;0.6;86.325
1753880924.55;2.0;49.20422488;18.75490584;388.2798;42.1353;19.0;0.6;86.296
1753880924.56;2.0;49.20422486;18.75490584;388.2794;42.1353;19.0;0.6;86.312
1753880924.57;2.0;49.20422483;18.75490584;388.2801;42.1353;19.0;0.6;86.307
1753880924.58;2.0;49.2042248;18.75490585;388.2812;42.1353;19.0;0.6;86.305
1753880924.59;2.0;49.20422478;18.75490586;388.2821;42.1353;19.0;0.6;86.284
1753880924.6;2.0;49.20422475;18.75490586;388.2827;42.1353;19.0;0.6;86.319
1753880924.61;2.0;49.20422473;18.75490587;388.2823;42.1353;19.0;0.6;86.312
1753880924.62;2.0;49.20422471;18.75490588;388.2823;42.1353;19.0;0.6;86.322
1753880924.63;2.0;49.20422468;18.75490588;388.2823;42.1353;19.0;0.6;86.304
1753880924.64;2.0;49.20422466;18.75490589;388.283;42.1353;19.0;0.6;86.295
1753880924.65;2.0;49.20422464;18.75490591;388.2838;42.1353;19.0;0.6;86.306
1753880924.66;2.0;49.20422461;18.75490591;388.2838;42.1353;19.0;0.6;86.287
1753880924.67;2.0;49.20422459;18.75490593;388.2844;42.1353;19.0;0.6;86.252
1753880924.68;2.0;49.20422456;18.75490594;388.2851;42.1353;19.0;0.6;86.218
1753880924.69;2.0;49.20422454;18.75490595;388.2859;42.1353;19.0;0.6;86.15
1753880924.7;2.0;49.20422451;18.75490596;388.2874;42.1353;19.0;0.6;86.09
1753880924.71;2.0;49.20422448;18.75490597;388.2886;42.1353;19.0;0.6;86.051
1753880924.72;2.0;49.20422446;18.75490598;388.289;42.1353;19.0;0.6;86.005
1753880924.73;2.0;49.20422443;18.75490599;388.2892;42.1353;19.0;0.6;85.964
1753880924.74;2.0;49.20422441;18.754906;388.2901;42.1353;19.0;0.6;85.937
1753880924.75;2.0;49.20422439;18.75490601;388.2909;42.1353;19.0;0.6;85.939
1753880924.76;2.0;49.20422437;18.75490601;388.2921;42.1353;19.0;0.6;85.917
1753880924.77;2.0;49.20422434;18.75490602;388.2929;42.1353;19.0;0.6;85.884
1753880924.78;2.0;49.20422431;18.75490603;388.2937;42.1353;19.0;0.6;85.832
1753880924.79;2.0;49.20422429;18.75490604;388.2938;42.1353;19.0;0.6;85.784
1753880924.8;2.0;49.20422427;18.75490605;388.2944;42.1353;19.0;0.6;85.762
1753880924.81;2.0;49.20422424;18.75490605;388.2955;42.1353;19.0;0.6;85.811
1753880924.82;2.0;49.20422422;18.75490606;388.2963;42.1353;19.0;0.6;85.792
1753880924.83;2.0;49.2042242;18.75490608;388.2967;42.1353;19.0;0.6;85.76
1753880924.84;2.0;49.20422418;18.75490609;388.2971;42.1353;19.0;0.6;85.765
1753880924.85;2.0;49.20422416;18.75490609;388.2981;42.1353;19.0;0.6;85.815
1753880924.86;2.0;49.20422414;18.7549061;388.2983;42.1353;19.0;0.6;85.783
1753880924.87;2.0;49.20422412;18.75490611;388.2983;42.1353;19.0;0.6;85.78
1753880924.88;2.0;49.2042241;18.75490611;388.2987;42.1353;19.0;0.6;85.812
1753880924.89;2.0;49.20422408;18.75490613;388.2987;42.1353;19.0;0.6;85.823
1753880924.9;2.0;49.20422406;18.75490613;388.2993;42.1353;19.0;0.6;85.858
1753880924.91;2.0;49.20422403;18.75490614;388.3;42.1353;19.0;0.6;85.851
1753880924.92;2.0;49.20422401;18.75490615;388.3004;42.1353;19.0;0.6;85.832
1753880924.93;2.0;49.20422398;18.75490616;388.3011;42.1353;19.0;0.6;85.829
1753880924.94;2.0;49.20422396;18.75490617;388.3018;42.1353;19.0;0.6;85.808
1753880924.95;2.0;49.20422394;18.75490617;388.3028;42.1353;19.0;0.6;85.85
1753880924.96;2.0;49.20422392;18.75490618;388.3036;42.1353;19.0;0.6;85.876
1753880924.97;2.0;49.2042239;18.75490619;388.3042;42.1353;19.0;0.6;85.892
1753880924.98;2.0;49.20422388;18.7549062;388.3054;42.1353;19.0;0.6;85.896
1753880924.99;2.0;49.20422386;18.75490621;388.306;42.1353;19.0;0.6;85.908
1753880925.0;2.0;49.20422384;18.75490621;388.3068;42.1353;19.0;0.6;85.923
1753880925.01;2.0;49.20422382;18.75490622;388.3069;42.1353;19.0;0.6;85.973
1753880925.02;2.0;49.20422379;18.75490623;388.3071;42.1353;19.0;0.6;85.991
1753880925.03;2.0;49.20422377;18.75490624;388.3079;42.1353;19.0;0.6;85.992
1753880925.04;2.0;49.20422375;18.75490625;388.3088;42.1353;19.0;0.6;85.991
1753880925.05;2.0;49.20422373;18.75490626;388.3099;42.1353;19.0;0.6;85.98
1753880925.06;2.0;49.2042237;18.75490627;388.3109;42.1353;19.0;0.6;86.004
1753880925.07;2.0;49.20422368;18.75490628;388.3125;42.1353;19.0;0.6;86.045
1753880925.08;2.0;49.20422367;18.75490628;388.3137;42.1353;19.0;0.6;86.065
1753880925.09;2.0;49.20422365;18.75490629;388.3149;42.1353;19.0;0.6;86.126
1753880925.1;2.0;49.20422363;18.7549063;388.3155;42.1353;19.0;0.6;86.164
1753880925.11;2.0;49.20422361;18.75490631;388.3163;42.1353;19.0;0.6;86.173
1753880925.12;2.0;49.2042236;18.75490632;388.3171;42.1353;19.0;0.6;86.181
1753880925.13;2.0;49.20422358;18.75490633;388.3181;42.1353;19.0;0.6;86.193
1753880925.14;2.0;49.20422356;18.75490634;388.3192;42.1353;19.0;0.6;86.201
1753880925.15;2.0;49.20422353;18.75490634;388.3199;42.1353;19.0;0.6;86.203
1753880925.16;2.0;49.20422351;18.75490635;388.3208;42.1353;19.0;0.6;86.255
1753880925.17;2.0;49.20422349;18.75490637;388.3214;42.1353;19.0;0.6;86.257
1753880925.18;2.0;49.20422347;18.75490638;388.3223;42.1353;19.0;0.6;86.262
1753880925.19;2.0;49.20422344;18.75490639;388.3231;42.1353;19.0;0.6;86.241
1753880925.2;2.0;49.20422342;18.75490639;388.3237;42.1353;19.0;0.6;86.224
1753880925.21;2.0;49.20422339;18.75490639;388.3244;42.1353;19.0;0.6;86.172
1753880925.22;2.0;49.20422337;18.7549064;388.3248;42.1353;19.0;0.6;86.173
1753880925.23;2.0;49.20422335;18.75490641;388.3255;42.1353;19.0;0.6;86.201
1753880925.24;2.0;49.20422332;18.75490641;388.3259;42.1353;19.0;0.6;86.282
1753880925.25;2.0;49.20422329;18.75490642;388.3263;42.1353;19.0;0.6;86.267
1753880925.26;2.0;49.20422327;18.75490642;388.3268;42.1353;19.0;0.6;86.188
1753880925.27;2.0;49.20422324;18.75490643;388.3265;42.1353;19.0;0.6;86.123
1753880925.28;2.0;49.20422322;18.75490644;388.3264;42.1353;19.0;0.6;86.091
1753880925.29;2.0;49.20422319;18.75490645;388.3267;42.1353;19.0;0.6;86.035
1753880925.3;2.0;49.20422317;18.75490646;388.3273;42.1353;19.0;0.6;86.035
1753880925.31;2.0;49.20422315;18.75490646;388.3275;42.1353;19.0;0.6;85.998
1753880925.32;2.0;49.20422313;18.75490647;388.3271;42.1353;19.0;0.6;85.896
1753880925.33;2.0;49.20422311;18.75490647;388.327;42.1353;19.0;0.6;85.858
1753880925.34;2.0;49.20422309;18.75490647;388.3273;42.1353;19.0;0.6;85.867
1753880925.35;2.0;49.20422307;18.75490647;388.3282;42.1353;19.0;0.6;85.907
1753880925.36;2.0;49.20422305;18.75490647;388.3291;42.1353;19.0;0.6;85.932
1753880925.37;2.0;49.20422304;18.75490647;388.3303;42.1353;19.0;0.6;86.006
1753880925.38;2.0;49.20422302;18.75490648;388.3309;42.1353;19.0;0.6;86.053
1753880925.39;2.0;49.20422301;18.75490648;388.3311;42.1353;19.0;0.6;86.056
1753880925.4;2.0;49.20422299;18.75490648;388.3317;42.1353;19.0;0.6;86.084
1753880925.41;2.0;49.20422298;18.75490648;388.3324;42.1353;19.0;0.6;86.105
1753880925.42;2.0;49.20422296;18.75490649;388.333;42.1353;19.0;0.6;86.111
1753880925.43;2.0;49.20422295;18.75490649;388.333;42.1353;19.0;0.6;86.156
1753880925.44;2.0;49.20422293;18.7549065;388.3331;42.1353;19.0;0.6;86.223
1753880925.45;2.0;49.20422292;18.75490651;388.3332;42.1353;19.0;0.6;86.193
1753880925.46;2.0;49.2042229;18.75490652;388.334;42.1353;19.0;0.6;86.146
1753880925.47;2.0;49.20422289;18.75490653;388.3351;42.1353;19.0;0.6;86.125
1753880925.48;2.0;49.20422287;18.75490654;388.3361;42.1353;19.0;0.6;86.066
1753880925.49;2.0;49.20422286;18.75490655;388.3362;42.1353;19.0;0.6;86.031
1753880925.5;2.0;49.20422284;18.75490655;388.3361;42.1353;19.0;0.6;86.033
1753880925.51;2.0;49.20422282;18.75490656;388.3367;42.1353;19.0;0.6;86.035
1753880925.52;2.0;49.2042228;18.75490656;388.3376;42.1353;19.0;0.6;86.036
1753880925.53;2.0;49.20422279;18.75490657;388.3381;42.1353;19.0;0.6;86.051
1753880925.54;2.0;49.20422277;18.75490658;388.3387;42.1353;19.0;0.6;86.016
1753880925.55;2.0;49.20422275;18.75490659;388.3394;42.1353;19.0;0.6;85.976
1753880925.56;2.0;49.20422273;18.75490659;388.3407;42.1353;19.0;0.6;85.95
1753880925.57;2.0;49.20422272;18.7549066;388.3416;42.1353;19.0;0.6;85.96
1753880925.58;2.0;49.2042227;18.7549066;388.3413;42.1353;19.0;0.6;85.959
1753880925.59;2.0;49.20422268;18.7549066;388.3415;42.1353;19.0;0.6;85.946
1753880925.6;2.0;49.20422266;18.7549066;388.3425;42.1353;19.0;0.6;85.94
1753880925.61;2.0;49.20422265;18.75490659;388.3432;42.1353;19.0;0.6;85.962
1753880925.62;2.0;49.20422263;18.75490659;388.3448;42.1353;19.0;0.6;85.954
1753880925.63;2.0;49.20422262;18.75490659;388.3459;42.1353;19.0;0.6;85.934
1753880925.64;2.0;49.2042226;18.75490658;388.3462;42.1353;19.0;0.6;85.914
1753880925.65;2.0;49.20422258;18.75490658;388.3465;42.1353;19.0;0.6;85.879
1753880925.66;2.0;49.20422257;18.75490658;388.3471;42.1353;19.0;0.6;85.843
1753880925.67;2.0;49.20422255;18.75490657;388.3465;42.1353;19.0;0.6;85.783
1753880925.68;2.0;49.20422253;18.75490658;388.3468;42.1353;19.0;0.6;85.749
1753880925.69;2.0;49.20422251;18.75490658;388.3474;42.1353;19.0;0.6;85.714
1753880925.7;2.0;49.20422249;18.75490657;388.3479;42.1353;19.0;0.6;85.656
1753880925.71;2.0;49.20422248;18.75490657;388.349;42.1353;19.0;0.6;85.703
1753880925.72;2.0;49.20422246;18.75490657;388.3501;42.1353;19.0;0.6;85.744
1753880925.73;2.0;49.20422244;18.75490657;388.3508;42.1353;19.0;0.6;85.756
1753880925.74;2.0;49.20422242;18.75490657;388.352;42.1353;19.0;0.6;85.711
1753880925.75;2.0;49.20422241;18.75490656;388.3527;42.1353;19.0;0.6;85.671
1753880925.76;2.0;49.20422239;18.75490656;388.3526;42.1353;19.0;0.6;85.631
1753880925.77;2.0;49.20422237;18.75490656;388.3531;42.1353;19.0;0.6;85.614
1753880925.78;2.0;49.20422236;18.75490656;388.3535;42.1353;19.0;0.6;85.631
1753880925.79;2.0;49.20422234;18.75490655;388.3537;42.1353;19.0;0.6;85.632
1753880925.8;2.0;49.20422232;18.75490655;388.3541;42.1353;19.0;0.6;85.645
1753880925.81;2.0;49.20422231;18.75490655;388.3542;42.1353;19.0;0.6;85.663
1753880925.82;2.0;49.20422229;18.75490655;388.3543;42.1353;19.0;0.6;85.666
1753880925.83;2.0;49.20422227;18.75490654;388.3549;42.1353;19.0;0.6;85.649
1753880925.84;2.0;49.20422225;18.75490654;388.3555;42.1353;19.0;0.6;85.635
1753880925.85;2.0;49.20422224;18.75490653;388.3556;42.1353;19.0;0.6;85.642
1753880925.86;2.0;49.20422223;18.75490653;388.3559;42.1353;19.0;0.6;85.662
1753880925.87;2.0;49.20422221;18.75490652;388.3563;42.1353;19.0;0.6;85.715
1753880925.88;2.0;49.2042222;18.75490652;388.3577;42.1353;19.0;0.6;85.749
1753880925.89;2.0;49.20422219;18.75490651;388.3587;42.1353;19.0;0.6;85.799
1753880925.9;2.0;49.20422217;18.75490651;388.3592;42.1353;19.0;0.6;85.815
1753880925.91;2.0;49.20422216;18.75490651;388.3596;42.1353;19.0;0.6;85.82
1753880925.92;2.0;49.20422214;18.7549065;388.3594;42.1353;19.0;0.6;85.854
1753880925.93;2.0;49.20422213;18.7549065;388.3587;42.1353;19.0;0.6;85.844
1753880925.94;2.0;49.20422211;18.75490649;388.3578;42.1353;19.0;0.6;85.847
1753880925.95;2.0;49.2042221;18.75490648;388.3574;42.1353;19.0;0.6;85.869
1753880925.96;2.0;49.20422209;18.75490648;388.3569;42.1353;19.0;0.6;85.932
1753880925.97;2.0;49.20422208;18.75490647;388.357;42.1353;19.0;0.6;85.983
1753880925.98;2.0;49.20422207;18.75490647;388.3578;42.1353;19.0;0.6;86.028
1753880925.99;2.0;49.20422205;18.75490646;388.3584;42.1353;19.0;0.6;86.057
1753880926.0;2.0;49.20422204;18.75490646;388.3591;42.1353;19.0;0.6;86.07
1753880926.01;2.0;49.20422203;18.75490646;388.3594;42.1353;19.0;0.6;86.091
1753880926.02;2.0;49.20422202;18.75490645;388.3595;42.1353;19.0;0.6;86.099
1753880926.03;2.0;49.204222;18.75490645;388.3598;42.1353;19.0;0.6;86.077
1753880926.04;2.0;49.20422199;18.75490645;388.3602;42.1353;19.0;0.6;86.039
1753880926.05;2.0;49.20422197;18.75490645;388.3607;42.1353;19.0;0.6;86.054
1753880926.06;2.0;49.20422196;18.75490644;388.361;42.1353;19.0;0.6;86.076
1753880926.07;2.0;49.20422195;18.75490644;388.3612;42.1353;19.0;0.6;86.065
1753880926.08;2.0;49.20422193;18.75490645;388.3618;42.1353;19.0;0.6;86.039
1753880926.09;2.0;49.20422191;18.75490645;388.3622;42.1353;19.0;0.6;86.04
1753880926.1;2.0;49.2042219;18.75490645;388.3627;42.1353;19.0;0.6;86.0
1753880926.11;2.0;49.20422188;18.75490644;388.3628;42.1353;19.0;0.6;85.988
1753880926.12;2.0;49.20422187;18.75490644;388.3633;42.1353;19.0;0.6;86.014
1753880926.13;2.0;49.20422185;18.75490644;388.3641;42.1353;19.0;0.6;86.031
1753880926.14;2.0;49.20422183;18.75490644;388.3644;42.1353;19.0;0.6;86.008
1753880926.15;2.0;49.20422182;18.75490643;388.3648;42.1353;19.0;0.6;85.979
1753880926.16;2.0;49.20422181;18.75490643;388.365;42.1353;19.0;0.6;85.975
1753880926.17;2.0;49.2042218;18.75490643;388.3656;42.1353;19.0;0.6;85.98
1753880926.18;2.0;49.2042218;18.75490643;388.3668;42.1353;19.0;0.6;85.954
1753880926.19;2.0;49.20422179;18.75490642;388.3677;42.1353;19.0;0.6;85.97
1753880926.2;2.0;49.20422178;18.75490642;388.3685;42.1353;19.0;0.6;85.968
1753880926.21;2.0;49.20422177;18.75490641;388.3691;42.1353;19.0;0.6;85.988
1753880926.22;2.0;49.20422176;18.75490641;388.3695;42.1353;19.0;0.6;86.049
1753880926.23;2.0;49.20422176;18.7549064;388.3698;42.1353;19.0;0.6;86.085
1753880926.24;2.0;49.20422175;18.7549064;388.3705;42.1353;19.0;0.6;86.063
1753880926.25;2.0;49.20422174;18.7549064;388.3711;42.1353;19.0;0.6;86.037
1753880926.26;2.0;49.20422173;18.75490639;388.3713;42.1353;19.0;0.6;86.01
1753880926.27;2.0;49.20422173;18.75490639;388.3719;42.1353;19.0;0.6;86.004
1753880926.28;2.0;49.20422172;18.75490638;388.3729;42.1353;19.0;0.6;86.031
1753880926.29;2.0;49.20422171;18.75490638;388.3741;42.1353;19.0;0.6;86.007
1753880926.3;2.0;49.2042217;18.75490637;388.3751;42.1353;19.0;0.6;85.944
1753880926.31;2.0;49.20422169;18.75490637;388.3756;42.1353;19.0;0.6;85.936
1753880926.32;2.0;49.20422167;18.75490637;388.376;42.1353;19.0;0.6;85.912
1753880926.33;2.0;49.20422166;18.75490637;388.3757;42.1353;19.0;0.6;85.883
1753880926.34;2.0;49.20422165;18.75490637;388.3757;42.1353;19.0;0.6;85.828
1753880926.35;2.0;49.20422164;18.75490637;388.3764;42.1353;19.0;0.6;85.751
1753880926.36;2.0;49.20422163;18.75490638;388.3772;42.1353;19.0;0.6;85.724
1753880926.37;2.0;49.20422161;18.75490638;388.3777;42.1353;19.0;0.6;85.713
1753880926.38;2.0;49.2042216;18.75490637;388.3777;42.1353;19.0;0.6;85.629
1753880926.39;2.0;49.20422159;18.75490637;388.3782;42.1353;19.0;0.6;85.614
1753880926.4;2.0;49.20422158;18.75490637;388.3781;42.1353;19.0;0.6;85.619
1753880926.41;2.0;49.20422157;18.75490637;388.378;42.1353;19.0;0.6;85.629
1753880926.42;2.0;49.20422156;18.75490637;388.3782;42.1353;19.0;0.6;85.641
1753880926.43;2.0;49.20422155;18.75490637;388.378;42.1353;19.0;0.6;85.655
1753880926.44;2.0;49.20422154;18.75490637;388.378;42.1353;19.0;0.6;85.647
1753880926.45;2.0;49.20422153;18.75490637;388.3776;42.1353;19.0;0.6;85.609
1753880926.46;2.0;49.20422152;18.75490636;388.3772;42.1353;19.0;0.6;85.543
1753880926.47;2.0;49.20422151;18.75490635;388.3772;42.1353;19.0;0.6;85.501
1753880926.48;2.0;49.20422149;18.75490634;388.3769;42.1353;19.0;0.6;85.54
1753880926.49;2.0;49.20422148;18.75490634;388.3766;42.1353;19.0;0.6;85.527
1753880926.5;2.0;49.20422147;18.75490633;388.3762;42.1353;19.0;0.6;85.478
1753880926.51;2.0;49.20422145;18.75490633;388.376;42.1353;19.0;0.6;85.424
1753880926.52;2.0;49.20422145;18.75490632;388.3766;42.1353;19.0;0.6;85.371
1753880926.53;2.0;49.20422144;18.7549063;388.3773;42.1353;19.0;0.6;85.344
1753880926.54;2.0;49.20422143;18.7549063;388.3779;42.1353;19.0;0.6;85.386
1753880926.55;2.0;49.20422142;18.75490629;388.3786;42.1353;19.0;0.6;85.421
1753880926.56;2.0;49.20422141;18.75490628;388.3789;42.1353;19.0;0.6;85.451
1753880926.57;2.0;49.2042214;18.75490627;388.3796;42.1353;19.0;0.6;85.441
1753880926.58;2.0;49.20422139;18.75490626;388.3801;42.1353;19.0;0.6;85.43
1753880926.59;2.0;49.20422138;18.75490626;388.3807;42.1353;19.0;0.6;85.41
1753880926.6;2.0;49.20422138;18.75490626;388.382;42.1353;19.0;0.6;85.413
1753880926.61;2.0;49.20422137;18.75490625;388.383;42.1353;19.0;0.6;85.436
1753880926.62;2.0;49.20422137;18.75490624;388.3832;42.1353;19.0;0.6;85.462
1753880926.63;2.0;49.20422136;18.75490624;388.3839;42.1353;19.0;0.6;85.482
1753880926.64;2.0;49.20422135;18.75490623;388.3834;42.1353;19.0;0.6;85.512
1753880926.65;2.0;49.20422135;18.75490623;388.383;42.1353;19.0;0.6;85.586
1753880926.66;2.0;49.20422133;18.75490623;388.3834;42.1353;19.0;0.6;85.665
1753880926.67;2.0;49.20422132;18.75490622;388.3845;42.1353;19.0;0.6;85.66
1753880926.68;2.0;49.20422131;18.75490622;388.3848;42.1353;19.0;0.6;85.661
1753880926.69;2.0;49.2042213;18.75490621;388.3842;42.1353;19.0;0.6;85.716
1753880926.7;2.0;49.20422129;18.75490621;388.3838;42.1353;19.0;0.6;85.73
1753880926.71;2.0;49.20422127;18.75490621;388.3836;42.1353;19.0;0.6;85.755
1753880926.72;2.0;49.20422126;18.7549062;388.3835;42.1353;19.0;0.6;85.842
1753880926.73;2.0;49.20422124;18.7549062;388.3838;42.1353;19.0;0.6;85.938
1753880926.74;2.0;49.20422122;18.7549062;388.3841;42.1353;19.0;0.6;85.906
1753880926.75;2.0;49.2042212;18.7549062;388.384;42.1353;19.0;0.6;85.869
1753880926.76;2.0;49.20422118;18.75490619;388.3838;42.1353;19.0;0.6;85.916
1753880926.77;2.0;49.20422116;18.75490619;388.3835;42.1353;19.0;0.6;86.018
1753880926.78;2.0;49.20422114;18.75490619;388.384;42.1353;19.0;0.6;86.038
1753880926.79;2.0;49.20422112;18.75490619;388.384;42.1353;19.0;0.6;86.03
1753880926.8;2.0;49.2042211;18.75490619;388.3846;42.1353;19.0;0.6;86.038
1753880926.81;2.0;49.20422108;18.75490619;388.3852;42.1353;19.0;0.6;85.976
1753880926.82;2.0;49.20422107;18.75490619;388.3863;42.1353;19.0;0.6;85.943
1753880926.83;2.0;49.20422105;18.7549062;388.3871;42.1353;19.0;0.6;85.954
1753880926.84;2.0;49.20422104;18.75490619;388.3876;42.1353;19.0;0.6;85.923
1753880926.85;2.0;49.20422103;18.75490618;388.3883;42.1353;19.0;0.6;85.921
1753880926.86;2.0;49.20422101;18.75490618;388.3884;42.1353;19.0;0.6;85.905
1753880926.87;2.0;49.204221;18.75490618;388.3883;42.1353;19.0;0.6;85.915
1753880926.88;2.0;49.20422099;18.75490618;388.3884;42.1353;19.0;0.6;85.932
1753880926.89;2.0;49.20422098;18.75490618;388.3886;42.1353;19.0;0.6;85.931
1753880926.9;2.0;49.20422097;18.75490617;388.3888;42.1353;19.0;0.6;85.913
1753880926.91;2.0;49.20422096;18.75490617;388.3894;42.1353;19.0;0.6;85.941
1753880926.92;2.0;49.20422095;18.75490617;388.3894;42.1353;19.0;0.6;85.978
1753880926.93;2.0;49.20422094;18.75490617;388.3895;42.1353;19.0;0.6;85.95
1753880926.94;2.0;49.20422093;18.75490616;388.3901;42.1353;19.0;0.6;85.899
1753880926.95;2.0;49.20422093;18.75490616;388.3905;42.1353;19.0;0.6;85.867
1753880926.96;2.0;49.20422093;18.75490616;388.3904;42.1353;19.0;0.6;85.911
1753880926.97;2.0;49.20422093;18.75490616;388.391;42.1353;19.0;0.6;85.993
1753880926.98;2.0;49.20422092;18.75490616;388.3913;42.1353;19.0;0.6;86.05
1753880926.99;2.0;49.20422092;18.75490615;388.3916;42.1353;19.0;0.6;86.064
1753880927.0;2.0;49.20422091;18.75490616;388.3925;42.1353;19.0;0.6;86.053
1753880927.01;2.0;49.2042209;18.75490616;388.3938;42.1353;19.0;0.6;86.023
1753880927.02;2.0;49.20422089;18.75490617;388.3946;42.1353;19.0;0.6;85.954
1753880927.03;2.0;49.20422088;18.75490617;388.3954;42.1353;19.0;0.6;85.871
1753880927.04;2.0;49.20422087;18.75490618;388.3963;42.1353;19.0;0.6;85.832
1753880927.05;2.0;49.20422085;18.75490619;388.3969;42.1353;19.0;0.6;85.75
1753880927.06;2.0;49.20422084;18.7549062;388.3972;42.1353;19.0;0.6;85.673
1753880927.07;2.0;49.20422082;18.7549062;388.3976;42.1353;19.0;0.6;85.57
1753880927.08;2.0;49.20422081;18.75490621;388.3976;42.1353;19.0;0.6;85.431
1753880927.09;2.0;49.20422079;18.75490622;388.3972;42.1353;19.0;0.6;85.278
1753880927.1;2.0;49.20422077;18.75490623;388.3974;42.1353;19.0;0.6;85.068
1753880927.11;2.0;49.20422076;18.75490624;388.3973;42.1353;19.0;0.6;84.808
1753880927.12;2.0;49.20422074;18.75490625;388.3977;42.1353;19.0;0.6;84.609
1753880927.13;2.0;49.20422072;18.75490626;388.3982;42.1353;19.0;0.6;84.424
1753880927.14;2.0;49.2042207;18.75490628;388.3989;42.1353;19.0;0.6;84.252
1753880927.15;2.0;49.20422068;18.75490629;388.3993;42.1353;19.0;0.6;84.084
1753880927.16;2.0;49.20422066;18.7549063;388.3998;42.1353;19.0;0.6;83.919
1753880927.17;2.0;49.20422064;18.75490631;388.4001;42.1353;19.0;0.6;83.775
1753880927.18;2.0;49.20422063;18.75490633;388.4002;42.1353;19.0;0.6;83.622
1753880927.19;2.0;49.20422061;18.75490635;388.4007;42.1353;19.0;0.6;83.458
1753880927.2;2.0;49.2042206;18.75490636;388.4014;42.1353;19.0;0.6;83.351
1753880927.21;2.0;49.20422059;18.75490638;388.4022;42.1353;19.0;0.6;83.302
1753880927.22;2.0;49.20422057;18.7549064;388.4026;42.1353;19.0;0.6;83.201
1753880927.23;2.0;49.20422055;18.75490642;388.4028;42.1353;19.0;0.6;83.072
1753880927.24;2.0;49.20422054;18.75490643;388.4036;42.1353;19.0;0.6;82.929
1753880927.25;2.0;49.20422053;18.75490644;388.4037;42.1353;19.0;0.6;82.864
1753880927.26;2.0;49.20422052;18.75490646;388.4037;42.1353;19.0;0.6;82.824
1753880927.27;2.0;49.20422051;18.75490648;388.4042;42.1353;19.0;0.6;82.795
1753880927.28;2.0;49.2042205;18.7549065;388.4051;42.1353;19.0;0.6;82.75
1753880927.29;2.0;49.20422049;18.75490652;388.4061;42.1353;19.0;0.6;82.702
1753880927.3;2.0;49.20422048;18.75490653;388.4075;42.1353;19.0;0.6;82.631
1753880927.31;2.0;49.20422047;18.75490655;388.4083;42.1353;19.0;0.6;82.577
1753880927.32;2.0;49.20422046;18.75490657;388.4092;42.1353;19.0;0.6;82.524
1753880927.33;2.0;49.20422046;18.75490659;388.4102;42.1353;19.0;0.6;82.46
1753880927.34;2.0;49.20422045;18.75490661;388.411;42.1353;19.0;0.6;82.438
1753880927.35;2.0;49.20422044;18.75490662;388.4115;42.1353;19.0;0.6;82.414
1753880927.36;2.0;49.20422044;18.75490664;388.4118;42.1353;19.0;0.6;82.377
1753880927.37;2.0;49.20422043;18.75490666;388.4121;42.1353;19.0;0.6;82.337
1753880927.38;2.0;49.20422043;18.75490667;388.4125;42.1353;19.0;0.6;82.272
1753880927.39;2.0;49.20422042;18.75490669;388.4136;42.1353;19.0;0.6;82.226
1753880927.4;2.0;49.20422041;18.75490671;388.4144;42.1353;19.0;0.6;82.189
1753880927.41;2.0;49.2042204;18.75490673;388.4158;42.1353;19.0;0.6;82.101
1753880927.42;2.0;49.20422039;18.75490675;388.4162;42.1353;19.0;0.6;82.085
1753880927.43;2.0;49.20422039;18.75490677;388.4163;42.1353;19.0;0.6;82.001
1753880927.44;2.0;49.20422038;18.75490679;388.4167;42.1353;19.0;0.6;81.961
1753880927.45;2.0;49.20422037;18.75490682;388.4169;42.1353;19.0;0.6;81.895
1753880927.46;2.0;49.20422037;18.75490684;388.4165;42.1353;19.0;0.6;81.777
1753880927.47;2.0;49.20422036;18.75490686;388.4165;42.1353;19.0;0.6;81.648
1753880927.48;2.0;49.20422035;18.75490688;388.4164;42.1353;19.0;0.6;81.559
1753880927.49;2.0;49.20422034;18.7549069;388.4168;42.1353;19.0;0.6;81.481
1753880927.5;2.0;49.20422034;18.75490692;388.4171;42.1353;19.0;0.6;81.392
1753880927.51;2.0;49.20422033;18.75490694;388.417;42.1353;19.0;0.6;81.302
1753880927.52;2.0;49.20422033;18.75490695;388.4176;42.1353;19.0;0.6;81.17
1753880927.53;2.0;49.20422032;18.75490698;388.4174;42.1353;19.0;0.6;81.021
1753880927.54;2.0;49.20422031;18.75490699;388.4169;42.1353;19.0;0.6;80.917
1753880927.55;2.0;49.2042203;18.75490701;388.4168;42.1353;19.0;0.6;80.804
1753880927.56;2.0;49.20422029;18.75490703;388.4173;42.1353;19.0;0.6;80.672
1753880927.57;2.0;49.20422028;18.75490704;388.4183;42.1353;19.0;0.6;80.555
1753880927.58;2.0;49.20422026;18.75490705;388.4186;42.1353;19.0;0.6;80.465
1753880927.59;2.0;49.20422024;18.75490706;388.4181;42.1353;19.0;0.6;80.369
1753880927.6;2.0;49.20422021;18.75490707;388.4177;42.1353;19.0;0.6;80.278
1753880927.61;2.0;49.20422019;18.75490708;388.4179;42.1353;19.0;0.6;80.174
1753880927.62;2.0;49.20422018;18.75490709;388.4183;42.1353;19.0;0.6;80.109
1753880927.63;2.0;49.20422016;18.75490711;388.4189;42.1353;19.0;0.6;80.042
1753880927.64;2.0;49.20422014;18.75490711;388.4193;42.1353;19.0;0.6;80.021
1753880927.65;2.0;49.20422013;18.75490713;388.4192;42.1353;19.0;0.6;79.964
1753880927.66;2.0;49.20422011;18.75490714;388.4187;42.1353;19.0;0.6;79.853
1753880927.67;2.0;49.20422009;18.75490716;388.4184;42.1353;19.0;0.6;79.767
1753880927.68;2.0;49.20422007;18.75490717;388.418;42.1353;19.0;0.6;79.69
1753880927.69;2.0;49.20422005;18.75490718;388.4185;42.1353;19.0;0.6;79.639
1753880927.7;2.0;49.20422004;18.7549072;388.4178;42.1353;19.0;0.6;79.555
1753880927.71;2.0;49.20422002;18.75490721;388.4166;42.1353;19.0;0.6;79.433
1753880927.72;2.0;49.20422001;18.75490722;388.4158;42.1353;19.0;0.6;79.291
1753880927.73;2.0;49.20422;18.75490723;388.4161;42.1353;19.0;0.6;79.186
1753880927.74;2.0;49.20421999;18.75490725;388.417;42.1353;19.0;0.6;79.084
1753880927.75;2.0;49.20421998;18.75490726;388.4175;42.1353;19.0;0.6;79.014
1753880927.76;2.0;49.20421997;18.75490727;388.4178;42.1353;19.0;0.6;78.935
1753880927.77;2.0;49.20421997;18.75490728;388.4183;42.1353;19.0;0.6;78.898
1753880927.78;2.0;49.20421996;18.75490729;388.4191;42.1353;19.0;0.6;78.891
1753880927.79;2.0;49.20421995;18.7549073;388.4202;42.1353;19.0;0.6;78.826
1753880927.8;2.0;49.20421994;18.75490732;388.4201;42.1353;19.0;0.6;78.753
1753880927.81;2.0;49.20421994;18.75490733;388.4199;42.1353;19.0;0.6;78.647
1753880927.82;2.0;49.20421994;18.75490734;388.4196;42.1353;19.0;0.6;78.545
1753880927.83;2.0;49.20421994;18.75490736;388.4193;42.1353;19.0;0.6;78.469
1753880927.84;2.0;49.20421993;18.75490737;388.4195;42.1353;19.0;0.6;78.391
1753880927.85;2.0;49.20421993;18.75490738;388.4195;42.1353;19.0;0.6;78.259
1753880927.86;2.0;49.20421993;18.7549074;388.4192;42.1353;19.0;0.6;78.116
1753880927.87;2.0;49.20421993;18.75490741;388.4192;42.1353;19.0;0.6;78.004
1753880927.88;2.0;49.20421992;18.75490742;388.4202;42.1353;19.0;0.6;77.91
1753880927.89;2.0;49.20421992;18.75490743;388.4216;42.1353;19.0;0.6;77.791
1753880927.9;2.0;49.20421992;18.75490744;388.4231;42.1353;19.0;0.6;77.699
1753880927.91;2.0;49.20421992;18.75490746;388.4232;42.1353;19.0;0.6;77.592
1753880927.92;2.0;49.20421992;18.75490747;388.4229;42.1353;19.0;0.6;77.492
